national_profile,weight,activity,reach_share
ARERA 1.5-3 Non Residente,energy,01,0.12777424934727355
ARERA 1.5-3 Non Residente,energy,16,0.004632894611138038
ARERA 1.5-3 Non Residente,energy,43,0.011071941136808325
ARERA 1.5-3 Non Residente,energy,47,0.06642865119580779
ARERA 1.5-3 Non Residente,energy,49,0.0063862327128751594
ARERA 1.5-3 Non Residente,energy,52,0.03827753128807731
ARERA 1.5-3 Non Residente,energy,55,0.23627990437922738
ARERA 1.5-3 Non Residente,energy,56,0.13990350907794924
ARERA 1.5-3 Non Residente,energy,61,8.13139316034352e-05
ARERA 1.5-3 Non Residente,energy,84,0.029320469331584526
ARERA 1.5-3 Non Residente,energy,94,0.006368069720639125
ARERA 1.5-3 Non Residente,energy,96,0.028617688792913737
ARERA 1.5-3 Non Residente,energy,IL,0.011550890321802097
ARERA 1.5-3 Non Residente,energy,other (below n_min),0.29330665415230023
ARERA 1.5-3 Non Residente,energy,__profile__DDSLP_3,0.06129328708626856
ARERA 1.5-3 Non Residente,energy,__profile__DDSLP_4,0.035086510040082404
ARERA 1.5-3 Non Residente,energy,__profile__DDSLP_6,0.028419208361236736
ARERA 1.5-3 Non Residente,energy,__profile__DDSLP_8,0.8752009945124123
PAUM,energy,01,0.013706523609077075
PAUM,energy,16,0.022445009568251552
PAUM,energy,43,0.011832662111818304
PAUM,energy,47,0.15530089654781598
PAUM,energy,49,0.010093998083818247
PAUM,energy,52,0.002769659769533326
PAUM,energy,55,0.3188966048740578
PAUM,energy,56,0.11102710173650993
PAUM,energy,61,0.06107254844897171
PAUM,energy,84,0.017565492368580272
PAUM,energy,94,0.010742087377034325
PAUM,energy,96,0.002187893643872931
PAUM,energy,IL,0.017502689944149018
PAUM,energy,other (below n_min),0.2448568319165095
PAUM,energy,__profile__DDSLP_1,0.1806905650738401
PAUM,energy,__profile__DDSLP_2,0.000508921335776362
PAUM,energy,__profile__DDSLP_3,0.11886445930208704
PAUM,energy,__profile__DDSLP_4,0.005951269573958094
PAUM,energy,__profile__DDSLP_5,0.07464446410405738
PAUM,energy,__profile__DDSLP_6,0.5857936926567222
PAUM,energy,__profile__DDSLP_7,0.013590274646645013
PAUM,energy,__profile__DDSLP_8,0.01995635330691379
PDMM,energy,01,0.12777424934727355
PDMM,energy,16,0.004632894611138038
PDMM,energy,43,0.011071941136808325
PDMM,energy,47,0.06642865119580779
PDMM,energy,49,0.0063862327128751594
PDMM,energy,52,0.03827753128807731
PDMM,energy,55,0.23627990437922738
PDMM,energy,56,0.13990350907794924
PDMM,energy,61,8.13139316034352e-05
PDMM,energy,84,0.029320469331584526
PDMM,energy,94,0.006368069720639125
PDMM,energy,96,0.028617688792913737
PDMM,energy,IL,0.011550890321802097
PDMM,energy,other (below n_min),0.29330665415230023
PDMM,energy,__profile__DDSLP_3,0.06129328708626856
PDMM,energy,__profile__DDSLP_4,0.035086510040082404
PDMM,energy,__profile__DDSLP_6,0.028419208361236736
PDMM,energy,__profile__DDSLP_8,0.8752009945124123
