codeword,season,share_of_days,share_of_energy,peak_hour,q1,q2,q3,q4,q5,q6,q7,q8,q9,q10,q11,q12,q13,q14,q15,q16,q17,q18,q19,q20,q21,q22,q23,q24,q25,q26,q27,q28,q29,q30,q31,q32,q33,q34,q35,q36,q37,q38,q39,q40,q41,q42,q43,q44,q45,q46,q47,q48,q49,q50,q51,q52,q53,q54,q55,q56,q57,q58,q59,q60,q61,q62,q63,q64,q65,q66,q67,q68,q69,q70,q71,q72,q73,q74,q75,q76,q77,q78,q79,q80,q81,q82,q83,q84,q85,q86,q87,q88,q89,q90,q91,q92,q93,q94,q95,q96
1,all,0.06208516184094435,0.060901179784438035,21.5,0.021208888,0.020782445,0.020520872,0.020400535,0.019926308,0.019226816,0.019077305,0.019008307,0.019023566,0.019010644,0.018975135,0.019003296,0.018983284,0.01900516,0.018953035,0.018953381,0.018987922,0.019007837,0.019021414,0.019022623,0.018909542,0.018135559,0.016637698,0.015309733,0.014055682,0.012822804,0.011386879,0.009838366,0.00843803,0.006987631,0.005209367,0.0034306839,0.0024155017,0.0019190754,0.0015985306,0.0013369314,0.0011374532,0.00094869867,0.00084164675,0.0007073131,0.000604984,0.00055825553,0.0005118894,0.00043301607,0.00044105964,0.0004197675,0.0004054508,0.0003971088,0.00040595056,0.00034933147,0.00035316174,0.0003669403,0.00036914324,0.00040248022,0.00040423495,0.00040751687,0.00040188368,0.0003654376,0.00040058026,0.0004090719,0.0004413488,0.0005092981,0.0005411517,0.00060657685,0.00074212434,0.0011790841,0.002687503,0.004190922,0.004893809,0.005617688,0.0060851546,0.006442659,0.0071176365,0.008343582,0.009577342,0.010556562,0.0114790425,0.012079039,0.012809728,0.013719812,0.014909938,0.016022362,0.017230516,0.018697828,0.020984733,0.022351254,0.02246628,0.022457844,0.022421472,0.022362873,0.022331709,0.022233725,0.022073671,0.021889864,0.021791458,0.02158125
2,all,0.060373909382911116,0.019454335095564285,20.75,0.007982979,0.0073458166,0.0069799568,0.0066098976,0.006248309,0.0059214756,0.005697831,0.0054357015,0.0052133366,0.0051588314,0.005117653,0.005025851,0.005066702,0.005037863,0.0049542678,0.0049270294,0.004960639,0.004901465,0.004983073,0.0048873667,0.005131819,0.0052068112,0.005325793,0.0053885677,0.005765528,0.005973124,0.006209236,0.0065263864,0.00691915,0.007278487,0.007190815,0.0072967554,0.007281227,0.007295477,0.0074854195,0.007516903,0.0074743987,0.0072946395,0.0073941736,0.0072301896,0.0070302817,0.0066489284,0.0065888613,0.006516739,0.006461329,0.0064025423,0.006421312,0.0066472082,0.007002657,0.0070031495,0.0071852095,0.007578204,0.007763934,0.0077350372,0.0075376146,0.0073760627,0.007273933,0.0070386743,0.00682291,0.006891929,0.006887569,0.006771633,0.006698174,0.0068030343,0.006752398,0.006844713,0.0070213154,0.0073168594,0.0077681453,0.008180375,0.008420076,0.009209792,0.009903884,0.010594991,0.011901434,0.013675599,0.015497403,0.017272232,0.024441238,0.028305398,0.029574353,0.030760296,0.030895514,0.03212097,0.031823277,0.031157166,0.029131208,0.02659004,0.024900114,0.023105621,0.020968903,0.019153493,0.01798694,0.016734889,0.015231683,0.014031812
3,all,0.49542849069551526,0.34414169467680084,7.0,0.010782867,0.010566595,0.010487338,0.010354828,0.010321798,0.010290073,0.0102604935,0.0102411155,0.010193339,0.010156966,0.010142415,0.010141718,0.010202606,0.010095342,0.010125946,0.010105304,0.010130093,0.010089387,0.0101724,0.010212503,0.010323302,0.0104031535,0.010729238,0.010859731,0.010984836,0.011140023,0.011384864,0.011490526,0.011534411,0.010995961,0.010566141,0.01052663,0.010475326,0.010384631,0.010391708,0.01038502,0.0104506705,0.010326851,0.010346762,0.010309293,0.0102732675,0.010227735,0.010206589,0.010131835,0.010198012,0.010212314,0.010189341,0.010193088,0.01046112,0.010171217,0.0100783445,0.010111847,0.010021612,0.010014795,0.009979518,0.009957994,0.009987775,0.010038522,0.010011549,0.010074127,0.0101095205,0.010198662,0.010140985,0.010098706,0.010243611,0.010333108,0.010349154,0.010432989,0.01050069,0.010496795,0.010623688,0.0106503805,0.01070684,0.010705148,0.010702015,0.010734153,0.010833192,0.010705778,0.010667657,0.0106607005,0.010738338,0.010688642,0.010769904,0.0107040275,0.010688018,0.010723691,0.010635692,0.010647137,0.010526831,0.010486136,0.010472685,0.010398197,0.0103395395,0.010225477,0.0102237025,0.010215393
4,all,0.03454942304698087,0.012405338846879587,8.25,0.006867965,0.0064591533,0.0062716347,0.006229512,0.006041227,0.005933702,0.005814338,0.005844982,0.0056640017,0.0056590796,0.0055894195,0.0058634817,0.0056425463,0.0057484657,0.005756257,0.005843747,0.0059700636,0.005911913,0.006032412,0.0059692594,0.0061602485,0.0061185006,0.0063799503,0.0067174234,0.007290906,0.008417158,0.011883988,0.019433424,0.024119865,0.029350247,0.036500785,0.03869438,0.038521823,0.03909147,0.03683171,0.026388958,0.01801837,0.014787898,0.012887582,0.01096688,0.009582032,0.009017241,0.008743437,0.008486383,0.0082513215,0.008195607,0.008488177,0.0086507,0.008416843,0.008834683,0.0083934,0.008509021,0.008535823,0.008463617,0.008486781,0.008127725,0.007914811,0.007614815,0.0075222296,0.007432153,0.0074947686,0.0075488416,0.0075609516,0.007318764,0.007387514,0.0074033807,0.0077470015,0.007882905,0.008112549,0.008260477,0.008384304,0.008517869,0.009108505,0.009390906,0.010073935,0.010139529,0.010154588,0.010270573,0.0105976965,0.010750449,0.011131755,0.011127869,0.010705666,0.010309908,0.010055719,0.009626546,0.009236333,0.008906382,0.008435065,0.008289265,0.00798059,0.007531941,0.007302113,0.0067972536,0.006591722,0.0065248366
5,all,0.07806886529689581,0.1143769760936053,10.0,0.005341819,0.005130405,0.004972017,0.004869537,0.004765157,0.0047238246,0.004651305,0.004638724,0.004655481,0.004584952,0.004587157,0.004588233,0.004580187,0.004605435,0.0045710164,0.004565862,0.0046218783,0.0046331664,0.00455673,0.0046050805,0.004719151,0.0047538285,0.0047766287,0.004927159,0.0050216117,0.005258992,0.005755205,0.006319427,0.007311227,0.008522809,0.0104093095,0.0119561115,0.014393371,0.016445098,0.018466905,0.022536464,0.025251871,0.027698906,0.028211007,0.02867289,0.028958282,0.028415866,0.027699325,0.026417559,0.022732304,0.020764224,0.019116348,0.017286163,0.013976816,0.012382099,0.011610771,0.011432522,0.011756322,0.012189847,0.012918966,0.01344378,0.013864645,0.014008555,0.01403992,0.014068601,0.013964692,0.013757999,0.01365397,0.013428605,0.012974127,0.012523525,0.012267307,0.011553635,0.010695615,0.010057772,0.009345042,0.008773952,0.008040557,0.0076419795,0.0073389523,0.007126934,0.006914459,0.0067265774,0.0067388653,0.0068058274,0.00684573,0.0068808794,0.006762917,0.006690429,0.00654935,0.006433671,0.006372159,0.0062496555,0.006036958,0.005819905,0.0056949747,0.0055958237,0.0054039294,0.005260318,0.005200386,0.005133667
6,all,0.037017547906418855,0.018509017627575067,17.5,0.0027594676,0.0025727418,0.0026363542,0.0026000668,0.0025443533,0.002501772,0.0024918127,0.0024575782,0.0024532422,0.0024968467,0.0025569096,0.002399311,0.00250353,0.00247468,0.002447532,0.0024108319,0.0024748405,0.002416359,0.0025438583,0.0026197075,0.0025447288,0.0026122783,0.0026555317,0.0028530676,0.002702641,0.0027511236,0.0029831426,0.0032747672,0.0035989473,0.003481714,0.003668274,0.0036370945,0.004084043,0.0052073393,0.006518946,0.008399124,0.011119952,0.012843756,0.014653732,0.016185485,0.017085308,0.017201846,0.017611306,0.018007644,0.018118283,0.018089011,0.017971918,0.017483203,0.015336133,0.012559457,0.008941222,0.0073511894,0.00626605,0.006074006,0.0059867804,0.0061555915,0.006367647,0.006986135,0.008096175,0.008999882,0.011099839,0.013373456,0.018410781,0.023024902,0.02945185,0.031994157,0.033626836,0.037764896,0.040167563,0.039475046,0.04045398,0.0385574,0.034845922,0.029625112,0.02487819,0.021028977,0.016189756,0.012188857,0.009085725,0.00716946,0.006510098,0.006166906,0.0062454506,0.0059365234,0.0061187586,0.0060524773,0.0059376163,0.005628874,0.0055206264,0.005105033,0.0047160783,0.0041840216,0.0033598356,0.0032137216,0.0030427845,0.0030222216
7,all,0.035646527613588525,0.011603829855556743,18.75,0.006009623,0.0056957244,0.00558576,0.005327433,0.005200581,0.0051398426,0.0050918264,0.004971599,0.005000927,0.0049847597,0.004914768,0.0049139606,0.0049522556,0.0048984983,0.004934007,0.0049183327,0.004852779,0.0048854444,0.004957354,0.0049033677,0.005091339,0.005177559,0.0054679504,0.0060382695,0.006765274,0.008153866,0.009617888,0.010859279,0.012232725,0.012763946,0.012036426,0.011118067,0.010540389,0.010004872,0.009272116,0.008680517,0.008534287,0.007872333,0.007514188,0.0072429753,0.0070034736,0.0069505405,0.0071208524,0.007207259,0.0072987466,0.0074419593,0.0074329465,0.0078108534,0.008059045,0.007767084,0.007827628,0.0077862754,0.00756977,0.0073240907,0.0072046244,0.007125929,0.007138615,0.0070922202,0.0073122513,0.007154269,0.007377761,0.0071459063,0.007262734,0.0075442316,0.0076250555,0.007912678,0.008554092,0.009298531,0.0107622035,0.0126499925,0.014383967,0.017230395,0.024019213,0.035636205,0.043341435,0.04839649,0.048193578,0.044192098,0.029394526,0.021473208,0.01729988,0.014454893,0.013261162,0.012453418,0.011574285,0.0107741775,0.0102376435,0.00979895,0.009246704,0.008982329,0.008381153,0.008091025,0.007550516,0.0071011083,0.006878748,0.0067681614
8,all,0.0310490683981985,0.0157622141469149,15.0,0.005646469,0.00546557,0.005386422,0.005367841,0.005143482,0.0050159832,0.004977634,0.0049181134,0.0048745098,0.0048514325,0.0048892414,0.004939337,0.0048462744,0.004815334,0.0046330686,0.004607354,0.0047440724,0.0046685315,0.004720308,0.004874015,0.0049377596,0.0048326026,0.0049071996,0.004846495,0.005205443,0.005416515,0.005875496,0.0063488022,0.007172061,0.0075446744,0.0077854,0.007828779,0.008387709,0.008459787,0.008176126,0.00797366,0.007902398,0.007979254,0.008000276,0.007996343,0.008093874,0.008118165,0.008277363,0.008358339,0.008937608,0.00957131,0.0097124865,0.009651368,0.009465733,0.009610042,0.00977985,0.010502272,0.011343126,0.012334834,0.014649617,0.018537194,0.025207834,0.031551387,0.037385292,0.039837003,0.040744267,0.036243208,0.03736745,0.033400282,0.02439478,0.020192366,0.017147388,0.015104162,0.013206161,0.012083198,0.011347624,0.010491257,0.009900842,0.009840494,0.009557455,0.009055781,0.0089983605,0.00879641,0.008690322,0.008447183,0.008236215,0.008190102,0.007857231,0.008011671,0.007926116,0.0080809295,0.0078843385,0.0077057066,0.007511766,0.007079547,0.0067610834,0.006563078,0.006375874,0.0063871434,0.006344176,0.0061895587
9,all,0.11723737248502114,0.34504144281382176,18.0,0.0065203006,0.0062770364,0.00606793,0.0058998447,0.005792857,0.0056991414,0.0056092637,0.0055514975,0.0055367555,0.0054750713,0.005459716,0.005458598,0.005469994,0.005480991,0.0054413495,0.0054260977,0.0054238923,0.005411136,0.005386374,0.0054410934,0.005595683,0.005576811,0.005640506,0.0058703856,0.006150595,0.006475895,0.006962108,0.007366404,0.008124787,0.008676937,0.009362702,0.009793772,0.010362345,0.010719198,0.011072252,0.011145213,0.011449927,0.011397955,0.011417954,0.011398631,0.01130372,0.011307702,0.011259649,0.011366764,0.011445325,0.011460544,0.01162195,0.011710768,0.01168301,0.011259512,0.010892201,0.010658936,0.010682318,0.010628179,0.010796313,0.011388722,0.0119339125,0.011666467,0.011110513,0.010793295,0.010948996,0.01117029,0.011567945,0.01221967,0.013832061,0.014650029,0.015317352,0.015372973,0.016004294,0.017088447,0.017482841,0.018101975,0.018379655,0.017122542,0.016667593,0.016793786,0.016636694,0.016416892,0.016219888,0.015188244,0.0146873575,0.014356989,0.014272817,0.013951809,0.013495272,0.0129284095,0.012347826,0.01179431,0.011118997,0.010381698,0.0096828,0.009119442,0.00860543,0.008241383,0.007876713,0.0075977775
10,all,0.04854363333352556,0.05780384013709334,11.75,0.00687526,0.0063101826,0.0061639156,0.006029406,0.0057531884,0.0055260025,0.0055020535,0.005360775,0.00540339,0.0054120016,0.0053662052,0.0052846284,0.005309628,0.0053045773,0.005437773,0.0054105143,0.005516477,0.0053945566,0.0052294256,0.005383181,0.0054548397,0.005506829,0.005675661,0.0057818857,0.006038914,0.0062806276,0.006559807,0.0068409047,0.007417824,0.007738431,0.007928723,0.00808045,0.008429746,0.008435656,0.008382886,0.008590269,0.008994505,0.009029064,0.0096936915,0.010038666,0.010526062,0.011259522,0.011913885,0.014509371,0.020604825,0.025469575,0.028675992,0.030859603,0.028534159,0.028241934,0.027470907,0.026084619,0.024763796,0.02350339,0.02297487,0.019441966,0.015061613,0.01281914,0.011299745,0.0101942625,0.009466506,0.009224913,0.008955223,0.008532045,0.00824472,0.008378408,0.008552323,0.008551902,0.008803208,0.008785808,0.0087426165,0.008949484,0.009143237,0.009348738,0.009872559,0.010640894,0.0114344815,0.011519296,0.011445229,0.011440019,0.011467425,0.010548919,0.010170101,0.010233526,0.010126838,0.0097439485,0.00956515,0.009190272,0.008900719,0.008462007,0.008176129,0.0077580125,0.0073579196,0.007219152,0.007070037,0.0068964725
