ateco_l2,n_pods,energy_MWh
DO.01,6296,6007.685467197379
DO.02,288,406.2926624098009
IL.01,68,816.0713064049144
55.10,66,3771.0703332151015
84.11,63,177.7091406814876
52.10,34,30.721550824693978
61.10,34,405.2778093014343
56.10,27,991.2427664152698
56.30,26,435.74897104839255
01.4,23,12.78432166576354
41.20,20,116.00798276344612
94.91,20,112.6594131546469
47.11,19,1640.4230515296135
36.00,18,312.8556066905999
47.78,17,121.88880682669844
16.23,16,182.53744205333092
01.1,16,7.295589301155848
CO.02,16,47.64842554466399
96.0,15,5.914330832395692
60.10,15,64.27242868739765
49.4,13,13.107325471989089
84.1,13,48.33267578907127
62.02,12,87.04338147562017
01.41,12,148.5150282953593
61.90,11,151.08886214723694
96.02,11,23.747077626605144
94.99,11,20.921589466747125
68.20,10,13.993503034891221
45.20,10,76.45650032043457
43.22,10,36.94678237634363
47.71,10,62.478353402432994
55.20,9,306.6631210721271
74.90,9,16.87827158412168
47.64,8,18.975353103756607
68.32,8,75.3822154612073
64.19,8,141.61856592897774
61.20,6,230.02381223514865
93.1,6,61.38154200599195
01.50,6,8.600433643135917
85.3,6,107.41641162664706
49.39,6,49.95667971835509
55.30,5,122.39984310807596
68.31,5,10.178644280548138
91.04,5,14.892501399516355
16.10,5,86.80969488408802
85.51,5,8.878441820713991
38.11,4,26.733383914241443
10.71,4,180.5002136579663
94.9,4,10.19299844925193
47.73,4,35.03317279293665
47.72,4,13.638034353726896
77.21,4,16.473196467221165
52.21,4,9.131432700975132
71.12,4,18.952840433567268
47.59,4,32.67775490294649
10.85,4,134.913227828709
47.30,4,56.01410086598058
43.21,4,17.778634824095366
43.12,4,3.483053755750169
53.10,4,17.401216412671587
49.41,3,3.322146523000743
93.11,3,46.2433711358605
46.73,3,43.45831910083169
35.11,3,5.0445600469879635
84.24,3,16.428377187439608
25.11,3,129.90817856058126
81.30,3,2.5620623273699277
10.51,3,547.9432270423636
75.00,3,5.659873737815586
70.22,3,5.308594422584032
70.2,3,1.1686038070425984
43.33,3,77.13319383886126
43.91,3,3.5046190988830768
71.11,2,2.172822295736565
01.11,2,0.5208815115033792
81.22,2,1.369042866292626
82.99,2,2.59062465194368
85.59,2,1.9257040450863088
87.30,2,294.46929051308734
49.31,2,4.591123810304192
79.90,2,20.713262476703783
49.3,2,5.968271066766037
,2,5.62832976448449
43.99,2,3.422982417523504
43.34,2,3.599825758404202
43.32,2,3.738408188853926
46.71,2,22.373291652789607
16.2,2,1.4519884120093451
16.29,2,7.551375630696614
38.1,2,74.34746787957978
35.30,2,132.48533220257673
02.20,2,3.346349204381307
01.45,2,1.656026578388716
47.79,2,3.695530924540783
47.76,2,5.2240828852100485
84.12,1,1.7770997341183852
23.3,1,2.0221988826327855
23.70,1,26.20223627456581
85.10,1,3.194890698192056
18.12,1,11.161003248426649
25.62,1,31.24320146348741
25.73,1,7.036818355984157
85.31,1,77.9885947265625
82.30,1,0.6115486123826769
82.11,1,0.5580766686548161
86.23,1,2.03659794277615
86.90,1,1.6395414388614848
88.10,1,8.712334721883138
16.11,1,13.041486254240336
26.30,1,0.0
01.19,1,1.1631212785508898
01.30,1,4.7834629864162865
01.42,1,1.0704605999490489
98.10,1,0.09466662961846858
98.1,1,0.8112028105530558
96.21,1,0.6327142464487177
96.09,1,0.630610745283809
96.04,1,0.5602070639951385
08.11,1,40.54359483506944
95.24,1,0.4927126227484809
11.05,1,48.37992621527778
14.13,1,0.6016068204243978
14.20,1,0.3527841314985522
14.21,1,1.978880411783854
15.12,1,40.48704096340241
15.20,1,1.4055401704654054
90.01,1,0.2675946432001451
25.99,1,3.5625338278876413
49.12,1,59.637928188938616
80.20,1,0.1806243528936901
47.12,1,0.46987032376802884
47.22,1,26.80114037407769
56.2,1,2.2475635392269315
56.11,1,32.600776418227355
47.25,1,2.2608999739752877
47.26,1,11.160055345225873
47.29,1,15.391728247829068
47.4,1,1.3544233370808416
47.51,1,1.3025816367147396
47.61,1,2.0788413948200075
47.62,1,3.3104137463039818
51.10,1,1.3406462255700842
47.74,1,0.5740607065624662
47.75,1,0.6789322099940244
49.32,1,0.5485259405771891
47.77,1,2.806871796594263
58.2,1,0.5115599100790474
46.51,1,1.4270357415290293
27.5,1,0.04311309225029416
46.41,1,0.003843608586684517
79.11,1,0.5775199588139852
27.52,1,8.889365025570518
28.29,1,15.444655708257299
29.10,1,0.12944178588198918
74.20,1,0.9981949053312603
74.10,1,0.5919791745401388
33.20,1,4.712106027550846
35.13,1,19.44731708300606
69.20,1,2.170592914157443
69.10,1,1.245646358963347
43.31,1,5.812549997965495
68.10,1,1.0165729442395663
64.92,1,3.465129169664885
62.09,1,2.3027199715479023
46.34,1,2.76654781765408
77.39,1,2.086412258148193
