activity,weight,n_pod,energy_kWh,M1_effective,M1_evenness,M1_ci_low,M1_ci_high,M1_hard80,dominant_share,reference_uninformative,null_mean,null_p05,null_p95,null_quantile,coherent_at_5pct
other (below n_min),pod,263,3273694.9726126296,4.402672607441717,0.7337787679069528,3.973704504899377,4.713106699801201,4,0.44106463878326996,4.222936801416305,4.204373539967647,3.9020807386888663,4.509057283078694,0.861,False
84,pod,75,244247.14357119126,4.317178241225896,0.7195297068709827,3.4213748808226034,4.911579004412386,4,0.49333333333333335,4.222936801416305,4.107087595059711,3.4762935558625605,4.709470520866059,0.707,False
96,pod,29,31484.9405147285,4.035469611954796,0.6725782686591327,2.846952140234813,4.601046653716289,3,0.4482758620689655,4.222936801416305,3.882668286739023,2.8925803128619747,4.809220087945562,0.601,False
49,pod,27,137132.00071993098,3.8333999816480246,0.6388999969413375,2.6909125755759926,4.40287921861896,3,0.4444444444444444,4.222936801416305,3.866342180057296,2.857261581473823,4.917630934630426,0.499,False
52,pod,34,39850.83757129136,3.689825165036598,0.614970860839433,2.5244030178463417,4.370950899540226,3,0.5294117647058824,4.222936801416305,3.944478955088832,3.013323162760587,4.873722129790928,0.327,False
16,pod,26,291391.9872343652,3.681382141864878,0.613563690310813,2.417726277057091,4.310212997352944,3,0.5,4.222936801416305,3.811663722932349,2.783388171227033,4.776129758300893,0.427,False
01,pod,60,186389.1589124085,3.5720691709005443,0.5953448618167574,2.972645175528069,3.8915763763310682,3,0.3333333333333333,4.222936801416305,4.068613604821905,3.3657695439191473,4.753278935032567,0.121,False
47,pod,86,2058238.0606807894,3.442445269936397,0.5737408783227328,2.688904161929099,4.093539293051182,3,0.6046511627906976,4.222936801416305,4.124687164760592,3.513062608899263,4.719198986144668,0.031,True
94,pod,34,143774.00107064596,3.3894670082192535,0.5649111680365423,2.320137579467257,4.109312683398759,3,0.5294117647058824,4.222936801416305,3.944478955088832,3.013323162760587,4.873722129790928,0.175,False
43,pod,31,155420.05025668058,3.274591305608046,0.545765217601341,2.2504750516987864,3.8663299373906024,2,0.5161290322580645,4.222936801416305,3.931041684979871,2.913584958151615,4.88654942099538,0.144,False
DO,pod,921,951690.7837068893,2.9101519876591744,0.4850253312765291,2.807213893201951,2.9998654416495913,3,0.50814332247557,4.222936801416305,4.217479360909765,4.096207774611806,4.336238129512657,0.0,True
55,pod,79,4200130.126004489,1.598195850863166,0.266365975143861,1.2571500299078686,1.9594939884373035,1,0.8860759493670886,4.222936801416305,4.102245908249082,3.4994941088826153,4.686675413916239,0.0,True
IL,pod,67,816071.3064049144,1.407548313651705,0.2345913856086175,1.1675574589400564,1.6843950059159951,1,0.9104477611940298,4.222936801416305,4.081398288223821,3.4151404337535163,4.718247264607921,0.0,True
56,pod,55,1461840.0774211164,1.2794195509763808,0.2132365918293968,1.0,1.5223063009175744,1,0.9454545454545454,4.222936801416305,4.052210100050454,3.309207446920853,4.793326659160447,0.0,True
61,pod,50,792018.8134483043,1.2161255601997387,0.20268759336662312,1.0,1.4684719042790724,1,0.96,4.222936801416305,4.032532569848987,3.2986642436691183,4.8112661372445995,0.0,True
