activity,weight,n_pod,energy_kWh,M1_effective,M1_evenness,M1_ci_low,M1_ci_high,M1_hard80,dominant_share,reference_uninformative
84.11,pod,58,177708.990860562,4.6908550512997955,0.7818091752166326,3.7879868776256127,5.259143500818018,4,0.41379310344827586,4.2197445820286115
other (below n_min),pod,609,7198218.735933826,4.5421617922431485,0.757026965373858,4.26864848448195,4.790179797982425,4,0.44170771756978655,4.2197445820286115
52.10,pod,30,30719.40487031623,4.002722312218381,0.6671203853697302,2.856407683820298,4.602367960300863,3,0.4666666666666667,4.2197445820286115
DO.01,pod,880,883180.6922730611,2.8953290426113862,0.48255484043523106,2.799956421991389,2.965793061268591,3,0.49886363636363634,4.2197445820286115
DO.02,pod,41,68510.09143382806,2.2607499352624023,0.37679165587706703,1.6409318788216098,2.732687489478349,2,0.7073170731707317,4.2197445820286115
55.10,pod,65,3771067.1618242864,1.4708339540867001,0.24513899234778336,1.1720256915220533,1.7705580790965036,1,0.8923076923076924,4.2197445820286115
IL.01,pod,67,816071.3064049144,1.407548313651705,0.2345913856086175,1.1436477836211798,1.6696035430174787,1,0.9104477611940298,4.2197445820286115
56.30,pod,26,435748.97104839253,1.3115234140474163,0.2185872356745694,1.0,1.6315849325073415,1,0.9230769230769231,4.2197445820286115
61.10,pod,32,405277.80930143426,1.1491939670970752,0.19153232784951255,1.0,1.4135824774058163,1,0.96875,4.2197445820286115
56.10,pod,27,991242.7664152698,1.0,0.16666666666666666,1.0,1.0,1,1.0,4.2197445820286115
