National profile,Nearest data-driven profile,TV [-],95% interval [-],Second nearest,TV of the second [-],"Margin, 95% interval [-]",Bootstraps with the same nearest profile [%]
"GSE other uses, time bands",DD-SLP 6,0.045,0.039 to 0.055,DD-SLP 1,0.058,0.001 to 0.026,98
"GSE other uses, single rate",DD-SLP 6,0.056,0.049 to 0.068,DD-SLP 1,0.078,0.007 to 0.038,100
"ARERA >6 kW, resident",DD-SLP 3,0.073,0.055 to 0.109,DD-SLP 1,0.085,-0.031 to 0.038,68
"ARERA 0-1.5 kW, non-resident",DD-SLP 1,0.074,0.065 to 0.086,DD-SLP 6,0.100,0.012 to 0.040,99
"ARERA >6 kW, non-resident",DD-SLP 1,0.075,0.065 to 0.088,DD-SLP 3,0.102,-0.008 to 0.078,94
"ARERA 0-1.5 kW, all",DD-SLP 1,0.076,0.064 to 0.088,DD-SLP 3,0.102,-0.006 to 0.074,95
"ARERA >6 kW, all",DD-SLP 1,0.077,0.067 to 0.091,DD-SLP 3,0.079,-0.028 to 0.047,64
"GSE domestic, time bands",DD-SLP 6,0.079,0.072 to 0.090,DD-SLP 1,0.089,-0.013 to 0.025,72
"ARERA 4.5-6 kW, non-resident",DD-SLP 1,0.097,0.082 to 0.109,DD-SLP 6,0.106,-0.006 to 0.030,78
"GSE domestic, single rate",DD-SLP 6,0.097,0.089 to 0.109,DD-SLP 1,0.103,-0.014 to 0.021,64
"ARERA 0-1.5 kW, resident",DD-SLP 1,0.099,0.084 to 0.113,DD-SLP 3,0.102,-0.024 to 0.045,69
"ARERA 1.5-3 kW, all",DD-SLP 6,0.101,0.092 to 0.112,DD-SLP 8,0.112,-0.012 to 0.054,78
"ARERA 1.5-3 kW, resident",DD-SLP 6,0.102,0.093 to 0.112,DD-SLP 8,0.113,-0.013 to 0.053,76
"ARERA 1.5-3 kW, non-resident",DD-SLP 6,0.102,0.093 to 0.114,DD-SLP 1,0.114,-0.007 to 0.025,76
"ARERA 4.5-6 kW, all",DD-SLP 1,0.104,0.090 to 0.115,DD-SLP 3,0.111,-0.020 to 0.053,73
"ARERA 3-4.5 kW, non-resident",DD-SLP 6,0.104,0.095 to 0.116,DD-SLP 8,0.114,-0.013 to 0.055,80
"ARERA 4.5-6 kW, resident",DD-SLP 1,0.106,0.093 to 0.117,DD-SLP 3,0.111,-0.021 to 0.049,70
"ARERA 3-4.5 kW, all",DD-SLP 6,0.109,0.100 to 0.120,DD-SLP 8,0.116,-0.015 to 0.049,72
"ARERA 3-4.5 kW, resident",DD-SLP 6,0.110,0.100 to 0.121,DD-SLP 8,0.116,-0.016 to 0.048,70
