Pair of data-driven profiles,TV between the hourly profiles [-],TV between the band shares [-],Difference retained by the bands [%]
DD-SLP 1 and DD-SLP 5,0.621,0.562,91
DD-SLP 1 and DD-SLP 4,0.423,0.264,62
DD-SLP 1 and DD-SLP 3,0.403,0.258,64
DD-SLP 3 and DD-SLP 5,0.377,0.341,90
DD-SLP 1 and DD-SLP 6,0.373,0.257,69
DD-SLP 2 and DD-SLP 5,0.369,0.345,93
DD-SLP 4 and DD-SLP 5,0.364,0.314,86
DD-SLP 5 and DD-SLP 6,0.361,0.329,91
DD-SLP 1 and DD-SLP 2,0.354,0.218,62
DD-SLP 4 and DD-SLP 6,0.204,0.015,7
DD-SLP 2 and DD-SLP 3,0.178,0.052,29
DD-SLP 3 and DD-SLP 4,0.159,0.027,17
DD-SLP 2 and DD-SLP 6,0.149,0.051,34
DD-SLP 2 and DD-SLP 4,0.149,0.058,39
DD-SLP 3 and DD-SLP 6,0.127,0.012,10
