Activity class,"Points of delivery, all [-]","Class multiplicity, all [-]","Coherent after correction, all","Points of delivery, doubtful excluded [-]","Class multiplicity, doubtful excluded [-]","Coherent after correction, doubtful excluded"
"Minor classes, pooled",263,4.4,no,258,4.0,no
Public administration,75,4.3,no,34,3.7,no
Personal services,29,4.0,no,,,
Land transport,27,3.8,no,,,
Warehousing,34,3.7,no,,,
Wood products,26,3.7,no,,,
Agriculture,60,3.6,no,,,
Retail trade,86,3.4,no,65,3.1,yes
Membership organizations,34,3.4,no,,,
Specialized construction,31,3.3,no,,,
Domestic,921,2.9,yes,921,2.9,yes
Accommodation,79,1.6,yes,73,1.5,yes
Public lighting,67,1.4,yes,48,1.2,yes
Food and beverage,55,1.3,yes,53,1.3,yes
Telecommunications,50,1.2,yes,45,1.1,yes
