Activity class,Points of delivery [-],"Class multiplicity, full partition [-]",Median over subsample partitions [-],5th to 95th percentile [-],"Coherent, full partition",Partitions in which coherent [%]
"Minor classes, pooled",263,6.7,6.6,6.3 to 7.1,yes,60
Warehousing,34,6.5,5.3,4.4 to 6.6,no,41
Land transport,27,5.9,5.2,4.9 to 5.6,no,0
Personal services,29,5.6,5.1,4.2 to 5.3,no,33
Specialized construction,31,5.3,4.2,3.9 to 5.1,no,86
Public administration,75,5.3,5.7,4.6 to 6.9,yes,50
Membership organizations,34,5.0,4.8,4.3 to 5.5,yes,65
Wood products,26,4.3,,,yes,
Agriculture,60,4.3,4.2,3.4 to 5.1,yes,100
Retail trade,86,4.1,4.0,3.1 to 4.7,yes,100
Accommodation,79,2.8,2.7,2.2 to 3.3,yes,100
Food and beverage,55,2.6,2.4,1.8 to 3.6,yes,100
Public lighting,67,2.3,1.5,1.3 to 1.9,yes,100
Telecommunications,50,1.2,1.4,1.1 to 2.4,yes,100
