ym,read_pods,read_days,read_user_days,retained_pods,retained_days,retained_user_days
2024-02,2159,29,62515,2146,29,62159
2024-03,2707,30,81015,2693,30,80644
2024-04,3320,30,99445,3304,30,99007
2024-05,4019,31,124412,4001,31,123906
2024-06,4453,30,132913,4424,30,132178
2024-07,4696,31,144800,4664,31,143972
2024-08,4954,31,153119,4918,31,152299
2024-09,5401,30,161599,5362,30,160755
2024-10,5701,30,170501,5674,30,169876
2024-11,6357,30,190036,6331,30,189451
2025-01,7550,31,233164,7510,31,232281
2025-03,8390,30,250073,7508,30,223833
2025-06,9782,30,292173,7510,30,224763
2025-07,11523,31,356111,7513,31,232353
2025-08,11871,31,367377,7512,31,232793
2025-09,12053,30,360310,7510,30,225147
2025-10,12214,30,365374,7506,30,224913
2025-11,12204,30,365058,7497,30,224631
2025-12,12202,31,376964,7490,31,231369
