group,cell,n_days,nrmsd_p50,nrmsd_p90,nrmsd_p95
1,winter|weekday,24645,1.3295539580074438,2.734995352565265,3.397855365143524
1,winter|saturday,7166,1.3733734366348975,2.6450563861028646,3.172863609550186
1,winter|sunday,10079,1.40494813532877,2.6604412934342117,3.2088105458699774
1,mid|weekday,10212,1.4091765453282998,2.669716600032828,3.13030156343446
1,mid|saturday,2395,1.4340626172242485,2.7561514444147206,3.5081063902733094
1,mid|sunday,2217,1.4474137716771784,2.712594467743724,3.2532099215175614
1,summer|weekday,62382,1.374453260837255,2.4650417519558214,2.8820080755344306
1,summer|saturday,15404,1.3907374351814248,2.50274528485773,2.813716411541567
1,summer|sunday,17745,1.4118160658397114,2.458300518290291,2.8930355810178274
2,winter|weekday,58040,0.9566616878017153,2.125983376108883,2.469819588943386
2,winter|saturday,12609,1.02083272647431,2.1824247925388316,2.6248969770101085
2,winter|sunday,15683,1.0009384631064986,2.165124960558335,2.5422857001463144
2,mid|weekday,30739,0.9642142174415294,2.071685397006154,2.485328038626953
2,mid|saturday,5577,1.053325953530173,2.101151071585216,2.4566619040369595
2,mid|sunday,5398,1.0282304754315597,2.1156517718160313,2.456907375846663
2,summer|weekday,78620,1.1234231419237815,2.0889214046691738,2.444558044277741
2,summer|saturday,16373,1.1734572804248222,2.121116432706696,2.495478567318248
2,summer|sunday,18458,1.1458683830527647,2.0909465331232937,2.4718064906953803
3,winter|weekday,34631,0.9630727148655017,2.1707313463955544,2.5367357482859463
3,winter|saturday,7574,1.12292208311376,2.2268354956530443,2.5605478654629925
3,winter|sunday,9555,1.1794741729214961,2.2780049065187127,2.6498243211244894
3,mid|weekday,17762,0.9437423746610635,2.0315874612150013,2.431852073980952
3,mid|saturday,3214,1.1043918100894792,2.1347963808419874,2.51468327112516
3,mid|sunday,3022,1.1117900654693358,2.2257676520376997,2.6016820811115173
3,summer|weekday,43790,0.9748388698680146,2.138421519657283,2.490896435187001
3,summer|saturday,9256,1.1999684549540715,2.2262963331354326,2.5953524177567373
3,summer|sunday,10468,1.2471393917450466,2.3457168543926588,2.701847851157006
4,winter|weekday,156052,0.6453706487566793,1.5035567201576523,1.889133756203736
4,winter|saturday,33603,0.7354129716731044,1.5817402027731389,1.9141591769741217
4,winter|sunday,41686,0.7370564966648772,1.684602951288157,2.0142668101727823
4,mid|weekday,87554,0.5878121514226128,1.4216527575498585,1.709456797500494
4,mid|saturday,15715,0.6679608559468435,1.5341558691943213,1.8006850311583802
4,mid|sunday,15256,0.6544195067742542,1.5754831416605128,1.8937706739835232
4,summer|weekday,203722,0.7022765846712935,1.5683302045760583,1.9064019020808205
4,summer|saturday,41807,0.773591749889597,1.6551447000482484,1.9797488432022912
4,summer|sunday,47130,0.7621941508056409,1.739050030693162,2.0540267099631984
5,winter|weekday,21394,0.3830569690509966,0.8481472338127343,1.0382218835913843
5,winter|saturday,4602,0.3826320229856253,0.8253087176128483,1.0105229113559304
5,winter|sunday,5748,0.37697965163722336,0.82945297418173,1.0559877507020343
5,mid|weekday,11923,0.3551745680480879,0.8687555666372732,1.0500894349086871
5,mid|saturday,2137,0.3661731942594129,0.8714103443241401,1.063443875293688
5,mid|sunday,2065,0.36737243907333295,0.84861302540496,1.0587277780913498
5,summer|weekday,28405,0.3782493136324498,0.881122000631353,1.1122606817690148
5,summer|saturday,5799,0.3825893820275975,0.8626365656830631,1.108755928932439
5,summer|sunday,6543,0.37879099445524966,0.8691348883860137,1.1152824047999186
6,winter|weekday,249335,1.060062735560244,1.8412078384238477,2.170273296203763
6,winter|saturday,53512,1.099325674035218,1.833108457551341,2.1532840490783154
6,winter|sunday,64925,1.0752262961463432,1.806330438268698,2.0985880006983786
6,mid|weekday,134766,1.0907564426296497,1.8578678860078077,2.1907347545133273
6,mid|saturday,24264,1.1540604449400944,1.9880141354459089,2.4011741647624016
6,mid|sunday,24161,1.1388385832800463,1.9360396285361823,2.3008244629147123
6,summer|weekday,295564,1.0663082141216087,1.947462143427501,2.3313519646675744
6,summer|saturday,60453,1.1325662641181964,1.975466524963851,2.311637653055163
6,summer|sunday,68214,1.08724318327641,1.9071063937312336,2.307185790447063
