profile,period,season,daytype,weight,calendar_days,n_days_observed,kWh_per_day,q1,q2,q3,q4,q5,q6,q7,q8,q9,q10,q11,q12,q13,q14,q15,q16,q17,q18,q19,q20,q21,q22,q23,q24,q25,q26,q27,q28,q29,q30,q31,q32,q33,q34,q35,q36,q37,q38,q39,q40,q41,q42,q43,q44,q45,q46,q47,q48,q49,q50,q51,q52,q53,q54,q55,q56,q57,q58,q59,q60,q61,q62,q63,q64,q65,q66,q67,q68,q69,q70,q71,q72,q73,q74,q75,q76,q77,q78,q79,q80,q81,q82,q83,q84,q85,q86,q87,q88,q89,q90,q91,q92,q93,q94,q95,q96,kW1,kW2,kW3,kW4,kW5,kW6,kW7,kW8,kW9,kW10,kW11,kW12,kW13,kW14,kW15,kW16,kW17,kW18,kW19,kW20,kW21,kW22,kW23,kW24,kW25,kW26,kW27,kW28,kW29,kW30,kW31,kW32,kW33,kW34,kW35,kW36,kW37,kW38,kW39,kW40,kW41,kW42,kW43,kW44,kW45,kW46,kW47,kW48,kW49,kW50,kW51,kW52,kW53,kW54,kW55,kW56,kW57,kW58,kW59,kW60,kW61,kW62,kW63,kW64,kW65,kW66,kW67,kW68,kW69,kW70,kW71,kW72,kW73,kW74,kW75,kW76,kW77,kW78,kW79,kW80,kW81,kW82,kW83,kW84,kW85,kW86,kW87,kW88,kW89,kW90,kW91,kW92,kW93,kW94,kW95,kW96
1,winter,winter,weekday,0.29875,102,24645,2.9289,0.008302,0.007808,0.007331,0.006981,0.006663,0.006356,0.006159,0.006031,0.005807,0.005714,0.005705,0.005572,0.005546,0.005608,0.005666,0.005417,0.005436,0.005512,0.005374,0.00546,0.005602,0.005756,0.005719,0.005889,0.006067,0.006079,0.006346,0.006634,0.007338,0.008015,0.00845,0.00944,0.010327,0.011101,0.011675,0.012275,0.012772,0.012922,0.01265,0.012459,0.012197,0.012052,0.011506,0.011146,0.010901,0.010484,0.010297,0.010167,0.010013,0.010277,0.010684,0.010868,0.011044,0.011379,0.011637,0.011833,0.011729,0.011794,0.011551,0.011467,0.0115,0.011716,0.01176,0.011691,0.01174,0.01175,0.011848,0.011928,0.012167,0.012485,0.01311,0.013392,0.013733,0.013969,0.01462,0.015266,0.015696,0.016002,0.016207,0.016092,0.015885,0.015558,0.01543,0.014959,0.01465,0.014375,0.013982,0.013537,0.013128,0.012549,0.012245,0.011847,0.01128,0.010814,0.010242,0.009862,0.097259,0.091479,0.08589,0.081793,0.078065,0.074459,0.072151,0.070656,0.068028,0.066949,0.066833,0.065283,0.064969,0.0657,0.066376,0.063462,0.063683,0.064572,0.062962,0.063965,0.065628,0.067431,0.067006,0.068991,0.071083,0.071217,0.074351,0.077716,0.085967,0.093896,0.098997,0.110598,0.120992,0.130054,0.136776,0.143809,0.149636,0.151395,0.148207,0.14597,0.14289,0.141194,0.134798,0.130579,0.127716,0.122829,0.120637,0.119109,0.117313,0.120399,0.125176,0.127325,0.129388,0.133311,0.13633,0.138631,0.137417,0.138172,0.135327,0.134345,0.134731,0.137256,0.137782,0.136966,0.137544,0.137656,0.138805,0.139744,0.142539,0.146273,0.15359,0.156897,0.16089,0.163651,0.171286,0.178853,0.183886,0.187479,0.189881,0.188533,0.186099,0.182272,0.180774,0.17526,0.171634,0.168409,0.163812,0.158589,0.153804,0.147022,0.143461,0.138792,0.13215,0.126688,0.11999,0.115537
1,winter,winter,saturday,0.08134,21,7166,3.8731,0.008873,0.008323,0.007745,0.007248,0.006823,0.006437,0.006265,0.006079,0.005744,0.005654,0.005436,0.00526,0.00531,0.005251,0.00512,0.005036,0.005069,0.004861,0.004909,0.004879,0.004995,0.005101,0.005181,0.005064,0.005243,0.00538,0.005649,0.005809,0.006386,0.007404,0.007856,0.008683,0.009414,0.01001,0.010757,0.011353,0.01172,0.012015,0.011906,0.011604,0.01144,0.011079,0.010944,0.010441,0.009888,0.009823,0.009581,0.009556,0.009752,0.010197,0.010739,0.01117,0.011553,0.011766,0.011624,0.011511,0.011336,0.011496,0.011357,0.011379,0.011449,0.011577,0.011858,0.011448,0.011615,0.01179,0.011963,0.012377,0.013005,0.013438,0.014243,0.014679,0.014875,0.015363,0.015747,0.016269,0.016926,0.017604,0.017572,0.017289,0.016853,0.016547,0.016359,0.01596,0.015658,0.015214,0.014564,0.014327,0.01382,0.013302,0.013022,0.012313,0.01144,0.010965,0.010381,0.009705,0.137467,0.128948,0.119988,0.112285,0.105711,0.099723,0.097057,0.094184,0.088991,0.087593,0.084219,0.081494,0.08227,0.081348,0.07932,0.078021,0.078525,0.075315,0.076057,0.075583,0.07738,0.079026,0.080269,0.078457,0.081219,0.083353,0.087515,0.090001,0.098939,0.114707,0.121707,0.134516,0.145852,0.15508,0.166653,0.175892,0.181577,0.18614,0.184448,0.179773,0.177226,0.171636,0.169551,0.161763,0.153186,0.152184,0.148429,0.148051,0.151076,0.157974,0.166375,0.173043,0.178986,0.182282,0.180089,0.178327,0.175615,0.178102,0.175951,0.176295,0.177367,0.179351,0.183714,0.177352,0.179938,0.182657,0.18533,0.191742,0.201473,0.208186,0.220652,0.227419,0.230454,0.238007,0.243962,0.252047,0.262221,0.272729,0.272239,0.267842,0.261097,0.256346,0.253434,0.247265,0.242573,0.235699,0.22563,0.221962,0.214098,0.206078,0.201738,0.190756,0.177234,0.169869,0.160823,0.15036
1,winter,winter,sunday,0.1058,28,10079,3.7784,0.010496,0.009731,0.009257,0.008713,0.008187,0.007725,0.007509,0.007277,0.007244,0.006889,0.006509,0.006423,0.006353,0.006253,0.00612,0.006003,0.005962,0.005943,0.005944,0.005917,0.005961,0.005935,0.005895,0.005946,0.006082,0.006015,0.00635,0.006673,0.007245,0.00806,0.008882,0.009645,0.010576,0.011669,0.012534,0.013668,0.014292,0.014671,0.01474,0.014597,0.014436,0.013689,0.013013,0.012583,0.012077,0.011794,0.011486,0.011328,0.011527,0.012034,0.012231,0.012163,0.01233,0.012543,0.012324,0.011988,0.011936,0.011846,0.011418,0.011238,0.011235,0.010947,0.010833,0.01089,0.010936,0.010972,0.01137,0.011402,0.011536,0.011854,0.012108,0.012226,0.01231,0.012448,0.012759,0.013172,0.013771,0.014278,0.014313,0.014329,0.013978,0.013666,0.013334,0.012959,0.012708,0.011985,0.011674,0.011605,0.011195,0.010803,0.010251,0.009691,0.00935,0.008893,0.008483,0.007858,0.158638,0.147068,0.139911,0.13169,0.123729,0.116748,0.113483,0.109982,0.109489,0.104118,0.098378,0.097077,0.096023,0.094509,0.092494,0.090726,0.090105,0.089813,0.089833,0.089433,0.090086,0.089692,0.089098,0.089861,0.091927,0.090916,0.095966,0.100851,0.109491,0.12182,0.134236,0.14577,0.159847,0.176358,0.189441,0.206566,0.216008,0.221739,0.222776,0.220618,0.218177,0.206891,0.196672,0.190173,0.182534,0.178248,0.173588,0.171205,0.174213,0.181871,0.184861,0.183829,0.186355,0.189576,0.186257,0.181187,0.180403,0.179034,0.172563,0.169842,0.169809,0.165442,0.163731,0.16459,0.165281,0.165827,0.171838,0.172333,0.174355,0.179161,0.18299,0.184782,0.186048,0.188135,0.19283,0.199074,0.208136,0.215789,0.216327,0.216557,0.211263,0.206543,0.201518,0.195857,0.19207,0.181133,0.176443,0.1754,0.169196,0.163275,0.154923,0.146466,0.141308,0.134409,0.128209,0.11877
1,mid,mid,weekday,0.11904,64,10212,1.86,0.007723,0.006998,0.006647,0.006247,0.006078,0.005984,0.005992,0.0057,0.00552,0.005401,0.005375,0.005274,0.00526,0.005135,0.005246,0.005246,0.005256,0.005413,0.005283,0.005208,0.005508,0.005521,0.005823,0.005762,0.005898,0.006165,0.006392,0.006774,0.007447,0.007936,0.008156,0.009391,0.010135,0.010606,0.011153,0.0121,0.012417,0.012484,0.012624,0.012507,0.011973,0.011582,0.011174,0.010941,0.010898,0.011079,0.011384,0.011631,0.011882,0.011976,0.011788,0.011406,0.011978,0.011987,0.012292,0.012345,0.012024,0.012164,0.01185,0.011806,0.011437,0.011456,0.011227,0.011184,0.010773,0.010496,0.010704,0.010761,0.011088,0.011302,0.011471,0.012213,0.012673,0.013427,0.014417,0.015348,0.016112,0.016708,0.016727,0.016642,0.01688,0.016839,0.016621,0.016246,0.015644,0.015222,0.014826,0.014651,0.013739,0.013106,0.012272,0.012007,0.011258,0.01089,0.010166,0.009522,0.057459,0.052062,0.04945,0.046477,0.045216,0.04452,0.04458,0.042404,0.041064,0.040185,0.03999,0.039236,0.039132,0.038207,0.039028,0.039029,0.039104,0.04027,0.039304,0.03875,0.040981,0.041074,0.043323,0.042871,0.043877,0.045863,0.047555,0.050394,0.055401,0.05904,0.060678,0.06987,0.075402,0.078907,0.082976,0.090024,0.092378,0.092878,0.093922,0.093052,0.08908,0.086171,0.083134,0.0814,0.081078,0.082424,0.084696,0.08653,0.088403,0.089099,0.087702,0.084858,0.089115,0.089178,0.091449,0.091847,0.089456,0.090498,0.088165,0.087832,0.085086,0.08523,0.083526,0.08321,0.080151,0.078087,0.079634,0.080056,0.082496,0.084084,0.085341,0.09086,0.094286,0.099898,0.107259,0.114186,0.119873,0.124305,0.124446,0.123814,0.125582,0.125281,0.123657,0.120865,0.116388,0.113246,0.110302,0.109004,0.102218,0.097509,0.091302,0.08933,0.083756,0.081021,0.075634,0.070845
1,mid,mid,saturday,0.03495,13,2395,2.6883,0.008838,0.008232,0.00789,0.00719,0.006747,0.00644,0.006095,0.005702,0.005696,0.00548,0.005298,0.005122,0.005028,0.004927,0.004777,0.004844,0.004635,0.004754,0.004755,0.004885,0.004795,0.004893,0.005229,0.005064,0.005547,0.005603,0.005655,0.005792,0.006273,0.006566,0.007747,0.009085,0.009184,0.008929,0.009885,0.011352,0.012154,0.012103,0.011525,0.011544,0.011217,0.011301,0.011528,0.011174,0.010846,0.011336,0.011253,0.011522,0.011676,0.012322,0.012526,0.012524,0.012973,0.012799,0.01363,0.013361,0.012984,0.012705,0.012055,0.011848,0.011686,0.011412,0.011349,0.011066,0.011273,0.011362,0.011707,0.012303,0.0123,0.012276,0.013101,0.013116,0.013745,0.014479,0.014598,0.014867,0.016191,0.016498,0.017298,0.017704,0.017646,0.017191,0.01694,0.016297,0.015389,0.014757,0.013859,0.013382,0.013001,0.011974,0.011661,0.011528,0.011092,0.010504,0.009582,0.009025,0.095036,0.08852,0.084842,0.077311,0.072549,0.069249,0.065534,0.061311,0.061253,0.058931,0.056966,0.055078,0.054068,0.052978,0.051368,0.05209,0.049841,0.051125,0.051127,0.052525,0.05156,0.052611,0.056231,0.054451,0.05965,0.060247,0.060806,0.062277,0.067452,0.070605,0.083305,0.097689,0.098754,0.096018,0.106291,0.12207,0.130691,0.130149,0.123925,0.124131,0.120619,0.121515,0.123965,0.120155,0.116631,0.121899,0.121003,0.123898,0.125549,0.132496,0.134688,0.134666,0.139498,0.137631,0.146559,0.143672,0.139616,0.136617,0.129628,0.127402,0.125663,0.122719,0.122036,0.118996,0.121217,0.122173,0.12589,0.132297,0.132265,0.132,0.140875,0.141041,0.147804,0.155694,0.156974,0.15986,0.174107,0.177407,0.186003,0.190368,0.189743,0.184854,0.182161,0.175245,0.165481,0.158679,0.14903,0.143894,0.139799,0.128759,0.125392,0.123961,0.119271,0.112949,0.103038,0.097044
1,mid,mid,sunday,0.03246,15,2217,2.1637,0.011565,0.010013,0.009954,0.009029,0.008698,0.00875,0.008019,0.007696,0.008034,0.007703,0.007514,0.007069,0.006622,0.006574,0.006644,0.0064,0.006729,0.006783,0.006524,0.006578,0.00684,0.006839,0.006884,0.007111,0.00745,0.007607,0.008024,0.008463,0.008706,0.009126,0.010313,0.010588,0.011489,0.013044,0.014448,0.016262,0.016451,0.016689,0.017023,0.016864,0.016904,0.01584,0.014584,0.015181,0.014724,0.013368,0.013825,0.01376,0.013808,0.014371,0.014592,0.014787,0.015261,0.014609,0.014217,0.0146,0.014701,0.013735,0.013284,0.013502,0.013547,0.012429,0.010991,0.010636,0.010753,0.010009,0.00975,0.009339,0.008781,0.0088,0.009298,0.009031,0.008902,0.009011,0.010317,0.011126,0.010391,0.010063,0.00995,0.009779,0.010299,0.01033,0.00933,0.009587,0.009814,0.009011,0.009188,0.008491,0.008188,0.007561,0.007357,0.007017,0.006685,0.006082,0.005734,0.005651,0.100092,0.086664,0.086152,0.07815,0.07528,0.075735,0.069406,0.066611,0.069536,0.066673,0.065037,0.061185,0.057317,0.056896,0.0575,0.055388,0.058244,0.058704,0.056463,0.056932,0.0592,0.059192,0.059578,0.061546,0.064482,0.065839,0.069449,0.073249,0.075347,0.078983,0.089257,0.091636,0.099433,0.112892,0.125047,0.140745,0.14238,0.144444,0.147329,0.145959,0.146302,0.137093,0.126222,0.131392,0.127439,0.115698,0.119659,0.119096,0.11951,0.124377,0.126295,0.127984,0.132082,0.126443,0.123047,0.126364,0.12724,0.118872,0.114969,0.116856,0.117253,0.107572,0.095126,0.092056,0.09307,0.086625,0.084384,0.080828,0.075997,0.076167,0.080475,0.078165,0.077045,0.077986,0.089293,0.096291,0.089931,0.087091,0.086116,0.084639,0.089137,0.089407,0.080753,0.082976,0.08494,0.077989,0.079522,0.073486,0.070863,0.065437,0.063676,0.060732,0.057861,0.052643,0.049627,0.048913
1,summer,summer,weekday,0.2233,85,62382,2.6271,0.007783,0.007107,0.006474,0.005942,0.005567,0.005283,0.005006,0.004785,0.004671,0.004509,0.004401,0.004353,0.004281,0.004272,0.004247,0.004214,0.004192,0.004192,0.004214,0.004256,0.004368,0.004471,0.004498,0.004662,0.004995,0.005365,0.005731,0.006261,0.007085,0.007973,0.009027,0.010099,0.011212,0.012257,0.013193,0.013908,0.014127,0.014201,0.014025,0.01347,0.012899,0.012214,0.011414,0.010775,0.010412,0.010052,0.010162,0.010759,0.011318,0.011903,0.012169,0.012662,0.013034,0.013013,0.01291,0.01254,0.011962,0.011601,0.011292,0.01092,0.010669,0.010413,0.010269,0.010237,0.01039,0.010401,0.010422,0.010515,0.01054,0.010616,0.010745,0.0111,0.011487,0.012193,0.012951,0.014159,0.015741,0.017154,0.018195,0.018734,0.019297,0.019014,0.018995,0.018682,0.018031,0.017157,0.016448,0.015775,0.014865,0.014041,0.013079,0.012318,0.011422,0.010601,0.009769,0.008886,0.081792,0.074678,0.068031,0.062442,0.058498,0.055511,0.052609,0.050282,0.04909,0.047378,0.046247,0.045746,0.04499,0.044894,0.044625,0.044283,0.044051,0.044049,0.044288,0.04472,0.045901,0.046978,0.047262,0.048994,0.052492,0.056378,0.060222,0.065792,0.074457,0.083785,0.094856,0.106124,0.117818,0.128798,0.138636,0.146153,0.148449,0.149231,0.147382,0.141546,0.135553,0.128349,0.119942,0.113226,0.109412,0.10563,0.106788,0.113061,0.118934,0.125085,0.127877,0.133059,0.136965,0.136749,0.135659,0.131772,0.125699,0.121913,0.118664,0.114748,0.11212,0.109426,0.10791,0.107576,0.109187,0.109302,0.109524,0.110495,0.110754,0.111562,0.112913,0.11664,0.120712,0.128133,0.136092,0.148787,0.165409,0.18026,0.191206,0.19687,0.202785,0.199808,0.199609,0.196317,0.18948,0.18029,0.172846,0.165769,0.156212,0.14755,0.137439,0.129448,0.12003,0.111404,0.102658,0.093378
1,summer,summer,saturday,0.04932,17,15404,2.9011,0.00807,0.0074,0.006627,0.006213,0.005744,0.005343,0.005055,0.004764,0.004525,0.004378,0.00426,0.004167,0.004123,0.004079,0.00395,0.003905,0.003892,0.00393,0.003869,0.003922,0.003959,0.004098,0.004167,0.004257,0.004433,0.004777,0.004957,0.005374,0.006216,0.00715,0.008084,0.009181,0.010614,0.011632,0.012506,0.013244,0.013927,0.014199,0.014084,0.013524,0.012835,0.012562,0.011851,0.01147,0.011051,0.010615,0.010518,0.010981,0.011521,0.012049,0.012736,0.013278,0.013688,0.013543,0.013534,0.013089,0.012823,0.012273,0.011859,0.011397,0.011271,0.010828,0.010939,0.010833,0.010706,0.010874,0.011115,0.010897,0.011085,0.011256,0.011633,0.011638,0.012249,0.012774,0.013462,0.01441,0.015495,0.01685,0.017686,0.01832,0.0186,0.018275,0.017885,0.017741,0.016954,0.016643,0.016169,0.01551,0.014875,0.014061,0.013156,0.012334,0.011572,0.010861,0.009864,0.008906,0.093647,0.085867,0.076902,0.0721,0.066659,0.062005,0.058654,0.055285,0.052509,0.050798,0.049434,0.048358,0.047849,0.047337,0.04584,0.045314,0.045169,0.045599,0.044896,0.045512,0.045936,0.047559,0.04836,0.049399,0.051437,0.055434,0.057525,0.062361,0.072127,0.08297,0.093807,0.106544,0.123167,0.134982,0.145119,0.153688,0.161615,0.164772,0.163433,0.156938,0.148946,0.145774,0.137523,0.133098,0.128237,0.123174,0.122054,0.127422,0.133697,0.139823,0.147786,0.154083,0.158839,0.15715,0.157053,0.151893,0.148805,0.142414,0.137616,0.132251,0.130794,0.125653,0.126934,0.125705,0.124235,0.126188,0.128976,0.126447,0.128629,0.130618,0.134992,0.135053,0.14214,0.148229,0.156218,0.167221,0.179811,0.195529,0.205233,0.212592,0.215837,0.212064,0.207544,0.205867,0.196743,0.193127,0.187626,0.179983,0.172608,0.163172,0.152663,0.143131,0.134285,0.126036,0.114459,0.103344
1,summer,summer,sunday,0.05506,20,17745,2.7528,0.009117,0.008411,0.007596,0.006933,0.006281,0.005997,0.005586,0.005362,0.005318,0.005028,0.004893,0.004807,0.004873,0.004672,0.004618,0.004596,0.004521,0.004578,0.004596,0.004597,0.004707,0.004764,0.004825,0.005028,0.005171,0.005556,0.005815,0.006335,0.007229,0.008313,0.00956,0.01083,0.012014,0.013387,0.014524,0.015496,0.016198,0.016453,0.016292,0.01563,0.015207,0.014311,0.013627,0.012809,0.012326,0.011881,0.011634,0.012023,0.0125,0.013137,0.013298,0.013658,0.01406,0.013638,0.013316,0.013331,0.012952,0.01253,0.012106,0.011437,0.010938,0.010851,0.010364,0.010275,0.010336,0.010281,0.010313,0.010313,0.010304,0.010401,0.010403,0.010378,0.010792,0.011299,0.011716,0.012417,0.01338,0.014548,0.015458,0.016063,0.016451,0.01615,0.015577,0.015472,0.015011,0.014416,0.0138,0.013209,0.012569,0.011862,0.011119,0.010399,0.009314,0.008492,0.007786,0.007254,0.100396,0.092615,0.08364,0.076341,0.069167,0.066035,0.061506,0.059043,0.058558,0.055366,0.05388,0.052933,0.053658,0.051443,0.050846,0.050611,0.049781,0.050413,0.050613,0.050616,0.051836,0.052454,0.053128,0.055365,0.056942,0.061175,0.064034,0.069761,0.079604,0.091537,0.105269,0.119259,0.132291,0.14741,0.159932,0.170632,0.178358,0.181173,0.179399,0.172105,0.167453,0.157587,0.150052,0.141047,0.135722,0.130831,0.128102,0.132393,0.137641,0.144653,0.146433,0.150388,0.154823,0.150171,0.146623,0.146787,0.14262,0.137978,0.133305,0.125932,0.120438,0.11948,0.114124,0.113146,0.113811,0.113208,0.113565,0.113557,0.113461,0.114524,0.114554,0.114273,0.118838,0.124422,0.12901,0.136732,0.147337,0.160192,0.170214,0.176877,0.181152,0.177836,0.171529,0.170364,0.165289,0.158739,0.151959,0.145451,0.138397,0.130617,0.122431,0.114507,0.102559,0.093507,0.085737,0.07988
2,winter,winter,weekday,0.17624,102,58040,1.7278,0.007946,0.007617,0.007272,0.007053,0.006917,0.006676,0.00651,0.006539,0.006476,0.006393,0.006313,0.006366,0.006369,0.006371,0.00641,0.006448,0.006457,0.006342,0.006395,0.006549,0.006842,0.00706,0.007262,0.007385,0.007905,0.008347,0.008598,0.009151,0.009601,0.010552,0.010808,0.010928,0.011367,0.011915,0.012081,0.01239,0.012564,0.012801,0.012518,0.012332,0.012075,0.011743,0.011531,0.011431,0.011396,0.01126,0.011609,0.011759,0.01157,0.011018,0.01092,0.010823,0.010708,0.010685,0.010878,0.01082,0.01069,0.010726,0.010695,0.010696,0.010653,0.010609,0.010751,0.011057,0.011089,0.011238,0.011283,0.011694,0.01217,0.012674,0.013151,0.013626,0.013971,0.014298,0.014556,0.01474,0.01508,0.015029,0.014726,0.014422,0.013877,0.013625,0.013431,0.013501,0.013261,0.012829,0.012094,0.01175,0.011427,0.010928,0.010528,0.010091,0.009628,0.009447,0.009139,0.008769,0.054916,0.052642,0.05026,0.048742,0.047804,0.046136,0.044994,0.04519,0.044758,0.044186,0.043629,0.043997,0.04402,0.044034,0.044304,0.044562,0.044627,0.043832,0.044196,0.04526,0.047288,0.048795,0.050188,0.051042,0.054631,0.057691,0.059426,0.063242,0.066357,0.072928,0.074694,0.075528,0.078561,0.082344,0.083491,0.08563,0.086831,0.088471,0.086516,0.085231,0.083453,0.081161,0.079696,0.079005,0.078759,0.077818,0.080232,0.08127,0.079963,0.076147,0.075473,0.0748,0.074008,0.073846,0.075182,0.074778,0.073883,0.074128,0.073915,0.07392,0.073626,0.07332,0.074301,0.076416,0.076637,0.077668,0.077982,0.080821,0.08411,0.087594,0.09089,0.09417,0.09656,0.09882,0.1006,0.101872,0.104223,0.103866,0.101778,0.099674,0.095905,0.094163,0.092822,0.09331,0.091648,0.088664,0.083583,0.081204,0.078973,0.075527,0.072762,0.069741,0.066539,0.065287,0.063159,0.060604
2,winter,winter,saturday,0.04581,21,12609,2.1814,0.00791,0.007546,0.007214,0.006917,0.006757,0.006469,0.006063,0.006015,0.005891,0.00589,0.005714,0.005632,0.005638,0.005485,0.005501,0.005463,0.00552,0.005447,0.005645,0.005783,0.00589,0.005806,0.006392,0.006497,0.006823,0.007135,0.007416,0.007702,0.008325,0.009358,0.010091,0.010455,0.011453,0.012278,0.012661,0.012655,0.012317,0.012666,0.012659,0.012279,0.012198,0.012477,0.011868,0.011569,0.011248,0.010825,0.011367,0.011076,0.010449,0.010516,0.010769,0.010697,0.010611,0.010605,0.010702,0.010982,0.010946,0.010706,0.011071,0.01108,0.011065,0.011189,0.010883,0.011068,0.01142,0.01179,0.012485,0.012576,0.013073,0.013438,0.014034,0.014491,0.01484,0.015013,0.015368,0.015678,0.015921,0.01638,0.016332,0.015595,0.014908,0.014509,0.01428,0.014312,0.014599,0.013818,0.01312,0.012314,0.011652,0.011259,0.010953,0.010275,0.009549,0.009341,0.008865,0.008486,0.069021,0.065839,0.062942,0.060358,0.058959,0.056449,0.052906,0.052485,0.0514,0.051396,0.049857,0.049143,0.049191,0.047857,0.047997,0.047664,0.048169,0.047527,0.049259,0.050463,0.051395,0.050661,0.055776,0.056688,0.05953,0.062254,0.06471,0.067203,0.072637,0.081658,0.088049,0.091222,0.099933,0.107135,0.110473,0.110425,0.10747,0.110517,0.110457,0.107138,0.106436,0.108872,0.103559,0.100947,0.098147,0.094452,0.09918,0.096642,0.091174,0.091755,0.093967,0.09334,0.09259,0.092537,0.093379,0.095826,0.095506,0.093412,0.096598,0.096677,0.096545,0.097628,0.094959,0.096578,0.099645,0.102874,0.108937,0.109735,0.114073,0.117255,0.122458,0.126441,0.129488,0.130999,0.134097,0.136802,0.138918,0.142927,0.142508,0.136073,0.130082,0.126601,0.124605,0.124877,0.127381,0.12057,0.11448,0.107445,0.101672,0.098238,0.095567,0.089654,0.083322,0.081505,0.077354,0.074047
2,winter,winter,sunday,0.06175,28,15683,2.2055,0.008921,0.008388,0.008114,0.007647,0.007353,0.007034,0.006881,0.006639,0.006474,0.006293,0.006244,0.006128,0.006078,0.005943,0.005966,0.005922,0.005931,0.005897,0.005904,0.005919,0.005958,0.006169,0.006265,0.006491,0.006814,0.006984,0.007384,0.007834,0.00867,0.010053,0.01034,0.011207,0.012002,0.013163,0.013879,0.013918,0.014085,0.014264,0.013802,0.013931,0.013715,0.01326,0.013463,0.012848,0.012289,0.012453,0.012625,0.012065,0.011655,0.011461,0.011935,0.011952,0.011809,0.011452,0.01143,0.011594,0.011622,0.011023,0.011022,0.01093,0.010972,0.010977,0.011034,0.011134,0.011205,0.011503,0.011363,0.011736,0.012,0.012318,0.012426,0.01276,0.013201,0.013399,0.013961,0.014229,0.014344,0.014097,0.013974,0.013944,0.013344,0.012984,0.0126,0.012416,0.012263,0.011696,0.011305,0.011206,0.010698,0.010386,0.010087,0.009629,0.009021,0.008507,0.008075,0.007716,0.078696,0.073995,0.071577,0.067459,0.06487,0.06205,0.0607,0.058568,0.057109,0.055512,0.055084,0.054064,0.053623,0.05243,0.05263,0.05224,0.052318,0.052023,0.052082,0.052218,0.052563,0.054423,0.055271,0.057266,0.060108,0.061611,0.065141,0.069108,0.076486,0.08869,0.09122,0.098868,0.105882,0.116123,0.122442,0.122785,0.124253,0.125834,0.121759,0.122898,0.120993,0.116974,0.118768,0.113342,0.108413,0.109859,0.111374,0.106437,0.102818,0.101109,0.105289,0.105438,0.104181,0.101024,0.100832,0.102279,0.102525,0.097244,0.097232,0.096423,0.096795,0.096835,0.097342,0.098223,0.098848,0.101478,0.100239,0.103533,0.105861,0.108666,0.109616,0.112567,0.11646,0.118202,0.123158,0.125523,0.126542,0.124357,0.123272,0.123013,0.117718,0.114539,0.111155,0.109535,0.108185,0.103177,0.099727,0.098856,0.094372,0.091625,0.088986,0.084944,0.079579,0.075043,0.071239,0.068069
2,mid,mid,weekday,0.1142,64,30739,1.7844,0.008024,0.007628,0.007437,0.007265,0.007091,0.006968,0.006825,0.006838,0.006769,0.006588,0.006507,0.006459,0.006503,0.006499,0.006534,0.006571,0.006539,0.006508,0.006514,0.006613,0.006893,0.007265,0.007472,0.007698,0.007961,0.008462,0.008718,0.009042,0.009735,0.010437,0.01086,0.01111,0.010961,0.01151,0.012093,0.012363,0.012174,0.012189,0.012019,0.012263,0.012187,0.012099,0.012026,0.011866,0.011804,0.0121,0.012472,0.012643,0.012542,0.012379,0.011869,0.011883,0.011554,0.011484,0.0114,0.011446,0.011533,0.011611,0.01142,0.011403,0.010964,0.010875,0.010664,0.010541,0.0103,0.010252,0.010333,0.010566,0.010587,0.011152,0.01158,0.012223,0.012756,0.013329,0.014093,0.014347,0.014594,0.014379,0.014626,0.014274,0.013683,0.013544,0.013389,0.013348,0.013112,0.012608,0.011954,0.011524,0.01116,0.010905,0.010474,0.009989,0.009646,0.009297,0.008863,0.008439,0.057271,0.054446,0.053083,0.051857,0.050612,0.049732,0.048713,0.048806,0.048314,0.047021,0.046443,0.046102,0.046419,0.046389,0.046638,0.046897,0.046671,0.046452,0.046492,0.047203,0.049202,0.051854,0.05333,0.054941,0.056824,0.060397,0.062223,0.06454,0.069484,0.074493,0.077514,0.079295,0.078235,0.082155,0.086314,0.088238,0.08689,0.087001,0.085787,0.087527,0.086985,0.08636,0.085835,0.084696,0.08425,0.086365,0.089021,0.09024,0.089519,0.088356,0.084713,0.084815,0.082467,0.081968,0.081368,0.081698,0.082319,0.082873,0.081513,0.081391,0.078253,0.077619,0.076117,0.075235,0.073514,0.073171,0.073753,0.075416,0.075568,0.079599,0.082653,0.087239,0.091048,0.095139,0.10059,0.102405,0.104163,0.102633,0.104396,0.101879,0.09766,0.096674,0.095562,0.095271,0.093588,0.089993,0.085322,0.082252,0.079652,0.077838,0.074759,0.0713,0.068846,0.066356,0.063263,0.060233
2,mid,mid,saturday,0.02612,13,5577,2.0094,0.007844,0.007766,0.007133,0.007101,0.006712,0.006722,0.00648,0.006585,0.006203,0.006246,0.006144,0.005731,0.006056,0.005763,0.005838,0.005744,0.005958,0.005898,0.005728,0.00581,0.006038,0.006208,0.006556,0.006904,0.006887,0.00713,0.007733,0.008529,0.009102,0.009302,0.009821,0.011024,0.011597,0.012442,0.012835,0.013401,0.013026,0.013188,0.012881,0.013372,0.012681,0.012576,0.012586,0.012595,0.01212,0.012004,0.012582,0.012721,0.012798,0.013338,0.012458,0.012267,0.012189,0.011384,0.01131,0.011687,0.01171,0.011528,0.011084,0.011389,0.011022,0.011516,0.012341,0.011463,0.01099,0.011631,0.01136,0.010898,0.011185,0.011492,0.011748,0.011596,0.011821,0.012796,0.014049,0.014431,0.014688,0.014266,0.014126,0.013889,0.013287,0.013382,0.013158,0.013119,0.013695,0.012895,0.012091,0.01153,0.011772,0.011369,0.010626,0.010146,0.009674,0.00941,0.009254,0.008843,0.063049,0.062418,0.057332,0.057073,0.053946,0.054029,0.052083,0.052929,0.049861,0.050206,0.049381,0.046064,0.048674,0.046321,0.046924,0.046171,0.047885,0.047409,0.046041,0.046697,0.048528,0.049897,0.052691,0.055493,0.055355,0.057311,0.062159,0.068552,0.073161,0.074769,0.078941,0.088604,0.093217,0.100006,0.103167,0.107715,0.104699,0.105998,0.103531,0.107479,0.101928,0.101085,0.101159,0.101232,0.097415,0.096481,0.101131,0.102244,0.102871,0.107205,0.100132,0.098598,0.097974,0.091504,0.09091,0.093934,0.094121,0.09266,0.08909,0.091542,0.088588,0.092565,0.099194,0.092137,0.088331,0.093483,0.091312,0.087594,0.089903,0.092368,0.094427,0.093203,0.095017,0.102852,0.112924,0.115994,0.118059,0.114667,0.11354,0.111632,0.106799,0.107557,0.10576,0.105448,0.110077,0.103648,0.097184,0.092673,0.094617,0.091378,0.085406,0.081549,0.07776,0.075632,0.074379,0.071076
2,mid,mid,sunday,0.02969,15,5398,1.9796,0.008624,0.008399,0.007942,0.007625,0.00716,0.007111,0.006973,0.006724,0.006755,0.006747,0.006682,0.006278,0.006161,0.006232,0.006521,0.006595,0.006431,0.006299,0.006444,0.006468,0.00653,0.006831,0.007242,0.007125,0.007406,0.007674,0.008508,0.008654,0.009015,0.009523,0.010422,0.010749,0.012186,0.012569,0.013005,0.014087,0.014551,0.014512,0.014009,0.01349,0.013484,0.013268,0.013062,0.013847,0.014019,0.013761,0.013437,0.013362,0.012957,0.012572,0.012555,0.012801,0.012353,0.012133,0.012449,0.011981,0.012114,0.011953,0.011326,0.01139,0.011218,0.010902,0.01033,0.010405,0.010576,0.010303,0.010525,0.010962,0.010674,0.011137,0.011223,0.011334,0.011332,0.012404,0.013031,0.013294,0.013326,0.013149,0.01321,0.012721,0.012546,0.012697,0.0124,0.01162,0.012208,0.012159,0.011262,0.010654,0.010091,0.00992,0.009216,0.009208,0.008757,0.008147,0.007858,0.008121,0.068286,0.066508,0.062891,0.060376,0.056698,0.056306,0.055217,0.053241,0.053493,0.053424,0.052908,0.049711,0.048785,0.049347,0.051637,0.052226,0.050928,0.049876,0.051031,0.051218,0.051708,0.054094,0.057343,0.056418,0.058645,0.060768,0.067372,0.068529,0.071387,0.075409,0.082525,0.08512,0.096496,0.099531,0.102981,0.111545,0.115222,0.114911,0.11093,0.10682,0.106774,0.105067,0.103431,0.109651,0.111009,0.10897,0.106403,0.105809,0.102597,0.099555,0.09942,0.101364,0.097818,0.096074,0.098578,0.094875,0.095925,0.094649,0.089685,0.090196,0.088829,0.086324,0.081797,0.082389,0.083744,0.081581,0.083339,0.0868,0.084519,0.08819,0.088874,0.089751,0.089736,0.098226,0.103187,0.105268,0.105526,0.10412,0.104602,0.100729,0.099347,0.100539,0.098189,0.092011,0.096671,0.096282,0.089182,0.084364,0.079905,0.078553,0.072978,0.072911,0.069347,0.064515,0.062224,0.06431
2,summer,summer,weekday,0.37125,85,78620,4.3676,0.007682,0.007143,0.006751,0.006327,0.006008,0.005801,0.005614,0.005476,0.005365,0.00527,0.005223,0.005173,0.005129,0.005078,0.005091,0.005067,0.005084,0.005113,0.005146,0.005143,0.005225,0.005356,0.005475,0.00564,0.006058,0.006574,0.006934,0.007461,0.008315,0.009218,0.010134,0.010831,0.011746,0.01257,0.013263,0.013683,0.013799,0.013763,0.013584,0.01339,0.012963,0.012367,0.011667,0.011037,0.01067,0.010689,0.011003,0.011262,0.011709,0.012153,0.012399,0.0127,0.012675,0.012408,0.012173,0.01197,0.011601,0.011287,0.010875,0.010599,0.010548,0.010448,0.010351,0.010279,0.010274,0.010461,0.010453,0.010584,0.01083,0.01088,0.01107,0.011447,0.011878,0.01257,0.013488,0.014635,0.015406,0.016321,0.016828,0.017157,0.017056,0.01667,0.016487,0.016311,0.015794,0.015245,0.014686,0.014266,0.013503,0.012778,0.012091,0.011385,0.01057,0.009801,0.009122,0.008417,0.134201,0.124793,0.11795,0.110539,0.104961,0.101344,0.098088,0.095665,0.093722,0.092071,0.091257,0.09037,0.089607,0.08872,0.088941,0.088532,0.088821,0.089326,0.089911,0.089849,0.091291,0.093566,0.095644,0.098534,0.105843,0.114852,0.12114,0.130356,0.145266,0.161039,0.17705,0.189228,0.205211,0.219601,0.231703,0.239041,0.241071,0.240447,0.237322,0.233934,0.226473,0.216059,0.203836,0.192814,0.186407,0.186741,0.19222,0.196747,0.204564,0.212315,0.216613,0.221875,0.22144,0.216782,0.212667,0.209116,0.202671,0.197187,0.189995,0.18517,0.184272,0.182533,0.180834,0.179573,0.179496,0.182759,0.182625,0.184908,0.189197,0.190073,0.193393,0.199988,0.207518,0.2196,0.235648,0.255683,0.269147,0.28514,0.294,0.299732,0.297983,0.291229,0.28803,0.284956,0.275936,0.266337,0.256567,0.249233,0.235906,0.223232,0.211243,0.198908,0.184662,0.171235,0.159366,0.147042
2,summer,summer,saturday,0.08161,17,16373,4.8004,0.007887,0.007416,0.007048,0.006568,0.006201,0.005823,0.005571,0.005412,0.005379,0.005258,0.005084,0.004991,0.004889,0.004889,0.005001,0.004909,0.00482,0.004819,0.004824,0.004856,0.00491,0.005125,0.005304,0.005321,0.005547,0.006047,0.006415,0.007123,0.007876,0.008837,0.009452,0.010821,0.011919,0.012655,0.013359,0.013831,0.013957,0.014063,0.014045,0.014004,0.013518,0.012932,0.012436,0.011855,0.011464,0.011572,0.011706,0.012333,0.012299,0.012673,0.012769,0.012824,0.012738,0.012596,0.012589,0.012426,0.012251,0.011717,0.011191,0.010936,0.010747,0.010655,0.010772,0.010725,0.010788,0.011126,0.011091,0.011062,0.011157,0.011169,0.01132,0.011369,0.011719,0.012069,0.012553,0.013502,0.014767,0.015364,0.016091,0.016265,0.015871,0.015674,0.015427,0.015012,0.015011,0.014798,0.014397,0.013927,0.013502,0.012626,0.012102,0.011653,0.010848,0.010081,0.009245,0.008434,0.151445,0.142402,0.135338,0.126121,0.119063,0.111811,0.106977,0.103919,0.103287,0.100951,0.097624,0.095837,0.093871,0.093869,0.096023,0.094262,0.092546,0.092533,0.092619,0.09324,0.094274,0.098411,0.10184,0.102164,0.106508,0.116113,0.123172,0.136777,0.151233,0.169677,0.181492,0.207784,0.228856,0.242985,0.256517,0.265571,0.26799,0.270028,0.26968,0.268894,0.259563,0.248319,0.238786,0.227631,0.220125,0.222202,0.224773,0.236819,0.236167,0.243346,0.245188,0.246236,0.244588,0.24187,0.241718,0.238603,0.235236,0.224985,0.214882,0.209986,0.206357,0.204583,0.206845,0.205926,0.20715,0.213644,0.21296,0.212406,0.214222,0.214453,0.217358,0.218305,0.225026,0.231745,0.241031,0.259256,0.283549,0.295002,0.308969,0.312314,0.304752,0.300972,0.296221,0.288255,0.288229,0.284138,0.276449,0.26741,0.259265,0.242445,0.232366,0.223754,0.208305,0.193572,0.17751,0.161939
2,summer,summer,sunday,0.09333,20,18458,4.6665,0.008144,0.0074,0.006936,0.006561,0.006375,0.006081,0.00576,0.005577,0.005475,0.005369,0.005229,0.005149,0.005144,0.005101,0.005195,0.00515,0.005087,0.005099,0.005163,0.005067,0.005147,0.005247,0.00534,0.005559,0.005959,0.006261,0.006576,0.007177,0.008121,0.009299,0.010206,0.011147,0.012235,0.013124,0.014259,0.015222,0.015558,0.015571,0.015399,0.01517,0.014439,0.014,0.013382,0.012986,0.01231,0.012107,0.012278,0.012509,0.012888,0.013025,0.012906,0.012934,0.012763,0.012639,0.012161,0.011929,0.011847,0.011576,0.011298,0.01073,0.010512,0.010394,0.010155,0.010203,0.010247,0.010509,0.010448,0.01054,0.010654,0.010717,0.010717,0.011033,0.011647,0.012055,0.012725,0.013723,0.014448,0.015033,0.015413,0.015483,0.015435,0.014807,0.01448,0.014655,0.014381,0.014019,0.013588,0.013011,0.012253,0.011707,0.011197,0.01055,0.009727,0.008957,0.008401,0.007831,0.152021,0.138132,0.129466,0.122466,0.11899,0.113508,0.107509,0.104096,0.102198,0.100226,0.097612,0.096108,0.096017,0.095216,0.096969,0.09614,0.094952,0.095172,0.096383,0.094582,0.096082,0.097946,0.099686,0.103772,0.111228,0.116865,0.12274,0.133975,0.151582,0.173574,0.190506,0.208079,0.228378,0.244966,0.266153,0.284139,0.290408,0.290651,0.287443,0.283164,0.269525,0.261321,0.249794,0.24239,0.229774,0.225984,0.229188,0.233494,0.240565,0.243124,0.240897,0.241419,0.238244,0.235924,0.227007,0.222661,0.221146,0.216077,0.210893,0.200286,0.196223,0.194015,0.189561,0.190453,0.191272,0.19617,0.195024,0.196737,0.198878,0.200054,0.200048,0.205939,0.217396,0.225023,0.237526,0.256158,0.269695,0.280611,0.287697,0.289011,0.288108,0.276397,0.270278,0.273552,0.268435,0.261674,0.253629,0.242858,0.228713,0.218518,0.209002,0.196936,0.181563,0.167192,0.156822,0.146176
3,winter,winter,weekday,0.23744,102,34631,2.3279,0.008416,0.00804,0.008,0.007701,0.007503,0.007366,0.00733,0.007054,0.007037,0.00709,0.007144,0.006927,0.00683,0.006732,0.006669,0.006724,0.006759,0.006852,0.006895,0.006926,0.006888,0.007134,0.007195,0.007171,0.007699,0.008108,0.008361,0.008729,0.009345,0.009736,0.009897,0.010327,0.010577,0.010908,0.011002,0.010682,0.010404,0.010482,0.010309,0.010265,0.010156,0.010141,0.009944,0.009655,0.009377,0.00956,0.009409,0.00946,0.009442,0.009501,0.009817,0.009949,0.010015,0.01035,0.010518,0.010558,0.010535,0.010541,0.010492,0.010477,0.010269,0.010336,0.010531,0.010513,0.010647,0.010715,0.010854,0.011298,0.011616,0.012056,0.012305,0.012535,0.013125,0.013765,0.014329,0.014827,0.015493,0.015824,0.015484,0.015207,0.015359,0.015156,0.014833,0.014679,0.014699,0.014644,0.014305,0.013949,0.013434,0.013145,0.013172,0.012923,0.012619,0.01237,0.012104,0.011767,0.078364,0.074867,0.074488,0.071706,0.069868,0.068593,0.068254,0.065683,0.065526,0.066022,0.066517,0.064502,0.063597,0.062682,0.0621,0.062613,0.062932,0.063806,0.064205,0.064488,0.064138,0.06643,0.066997,0.066776,0.071685,0.075495,0.07785,0.081284,0.087016,0.09066,0.09216,0.096156,0.098491,0.101573,0.102443,0.099462,0.096876,0.097603,0.095994,0.095586,0.094565,0.094426,0.092591,0.089904,0.087313,0.089015,0.087611,0.088085,0.087916,0.088471,0.091415,0.092645,0.093254,0.096377,0.097935,0.098313,0.098099,0.098155,0.097698,0.097558,0.09562,0.096244,0.098063,0.097895,0.099141,0.099769,0.101065,0.105201,0.108164,0.112264,0.114577,0.116717,0.122211,0.128169,0.133429,0.138066,0.144262,0.147347,0.144183,0.141598,0.143016,0.14113,0.13812,0.136681,0.136871,0.136358,0.133202,0.129883,0.125088,0.122396,0.122653,0.120332,0.117506,0.115186,0.11271,0.109568
3,winter,winter,saturday,0.1263,21,7574,6.0142,0.008714,0.008413,0.008055,0.00774,0.007425,0.007038,0.006851,0.006544,0.006386,0.006294,0.006211,0.006192,0.006154,0.005988,0.00576,0.005807,0.005736,0.005837,0.005669,0.00567,0.005747,0.005803,0.005931,0.005948,0.006025,0.006255,0.006496,0.006827,0.007431,0.008067,0.009001,0.009779,0.01023,0.010486,0.010851,0.010838,0.01068,0.010984,0.01095,0.010824,0.010604,0.010494,0.010459,0.01015,0.009637,0.009233,0.009476,0.009478,0.009956,0.010752,0.011244,0.010849,0.010778,0.011062,0.011119,0.01127,0.011236,0.010889,0.011018,0.010921,0.010841,0.010986,0.011046,0.011197,0.011291,0.011791,0.011959,0.01231,0.012958,0.013445,0.014014,0.014316,0.014586,0.015301,0.015915,0.016327,0.017036,0.01723,0.017418,0.017261,0.016853,0.016216,0.015646,0.015215,0.014836,0.01417,0.013825,0.013637,0.012797,0.012328,0.011897,0.011738,0.01109,0.01055,0.010076,0.009634,0.209621,0.202387,0.193781,0.186211,0.178628,0.169304,0.16481,0.157431,0.153637,0.151424,0.149406,0.148963,0.148055,0.144063,0.138569,0.139689,0.137995,0.140415,0.136384,0.136401,0.138248,0.139603,0.142673,0.143087,0.144936,0.150474,0.156264,0.164228,0.178772,0.194061,0.216543,0.235261,0.246115,0.252269,0.261032,0.260731,0.256932,0.264233,0.263418,0.260387,0.255103,0.252446,0.251618,0.24418,0.23184,0.222122,0.227967,0.228022,0.23952,0.258668,0.270495,0.261004,0.259295,0.266128,0.267496,0.271125,0.270294,0.261948,0.265056,0.262719,0.260798,0.264284,0.265733,0.269354,0.27163,0.283654,0.287701,0.29615,0.311727,0.323444,0.337135,0.344402,0.350895,0.368107,0.382875,0.392771,0.409843,0.414512,0.419024,0.415242,0.405437,0.390097,0.376397,0.366029,0.356916,0.340896,0.332599,0.328074,0.30785,0.296578,0.286194,0.282381,0.266782,0.25381,0.242396,0.231771
3,winter,winter,sunday,0.15413,28,9555,5.5045,0.010627,0.010012,0.009655,0.009184,0.00837,0.008236,0.008158,0.007939,0.00787,0.007634,0.007357,0.007378,0.007298,0.007205,0.007128,0.007025,0.007052,0.006948,0.006826,0.006864,0.006812,0.006739,0.00681,0.006829,0.007105,0.007499,0.007893,0.008114,0.008895,0.009789,0.010486,0.011324,0.011925,0.012353,0.012965,0.013477,0.014103,0.014246,0.01453,0.01427,0.013756,0.013456,0.013018,0.012551,0.011996,0.011726,0.01169,0.011896,0.012356,0.01223,0.012196,0.012676,0.012721,0.012671,0.012378,0.012293,0.012237,0.012139,0.011811,0.011324,0.01132,0.011194,0.010978,0.010852,0.010905,0.01087,0.011227,0.011474,0.011385,0.01157,0.011457,0.011498,0.011679,0.011932,0.012013,0.012587,0.012938,0.01305,0.013135,0.012623,0.012274,0.011964,0.011224,0.011157,0.010975,0.010859,0.010341,0.010064,0.009176,0.00895,0.008641,0.008345,0.007978,0.007484,0.007124,0.006706,0.233991,0.220442,0.212584,0.202216,0.184283,0.181342,0.179614,0.174794,0.17329,0.168093,0.161976,0.162453,0.160694,0.158636,0.156937,0.154673,0.155266,0.152978,0.15029,0.151139,0.149978,0.148385,0.14994,0.150369,0.156438,0.165111,0.173786,0.178656,0.195854,0.215535,0.230884,0.249322,0.262566,0.27199,0.285468,0.296736,0.310514,0.313674,0.319917,0.314186,0.302874,0.296267,0.286626,0.27635,0.264119,0.258179,0.257387,0.261933,0.27205,0.269284,0.268538,0.279102,0.28008,0.27898,0.272545,0.270678,0.269427,0.267284,0.260064,0.249337,0.249244,0.246478,0.241706,0.238935,0.240109,0.239325,0.247199,0.252636,0.250678,0.254755,0.252262,0.253152,0.257158,0.262713,0.264494,0.27714,0.284874,0.287343,0.289198,0.277934,0.270251,0.263429,0.247131,0.245651,0.241642,0.239097,0.227695,0.221592,0.202044,0.197069,0.190268,0.183731,0.175665,0.164784,0.156865,0.147647
3,mid,mid,weekday,0.07742,64,17762,1.2096,0.008311,0.008471,0.008237,0.007711,0.007715,0.007675,0.007602,0.007526,0.007529,0.007506,0.007032,0.007358,0.007374,0.007326,0.00738,0.007356,0.007127,0.007298,0.007323,0.007438,0.007427,0.007683,0.007877,0.007496,0.008096,0.00884,0.009221,0.009384,0.009935,0.009663,0.010065,0.01031,0.010369,0.010597,0.010498,0.010523,0.010472,0.01007,0.00992,0.010125,0.009992,0.009954,0.010005,0.009698,0.009633,0.009312,0.009856,0.00968,0.009439,0.009877,0.010222,0.009992,0.009987,0.009654,0.009628,0.009886,0.010359,0.009724,0.009922,0.009958,0.009639,0.009642,0.009918,0.009946,0.009733,0.009954,0.010026,0.010445,0.010777,0.01106,0.011007,0.011473,0.011849,0.012444,0.013512,0.014507,0.015065,0.014776,0.014764,0.014999,0.015346,0.014975,0.015125,0.015619,0.016057,0.015718,0.014911,0.014501,0.01455,0.013704,0.013542,0.013538,0.012766,0.01267,0.012655,0.012145,0.040214,0.040985,0.039853,0.03731,0.037328,0.037138,0.036784,0.036414,0.036429,0.036315,0.034024,0.035599,0.035678,0.035448,0.03571,0.035591,0.034484,0.035313,0.035433,0.035987,0.035935,0.037173,0.038113,0.036268,0.039173,0.042773,0.044617,0.045404,0.04807,0.046756,0.048701,0.049885,0.05017,0.051271,0.050796,0.050917,0.050667,0.048725,0.047997,0.048988,0.048347,0.048163,0.048407,0.046922,0.046609,0.045055,0.04769,0.046835,0.045673,0.047787,0.049458,0.048345,0.048323,0.046709,0.046587,0.047835,0.050122,0.047049,0.048007,0.048183,0.046639,0.046652,0.047986,0.048122,0.047091,0.04816,0.048508,0.05054,0.052144,0.053514,0.053256,0.055512,0.05733,0.060211,0.065379,0.070192,0.07289,0.071492,0.071434,0.072571,0.074253,0.072454,0.07318,0.075571,0.077689,0.076051,0.072144,0.070164,0.070399,0.066304,0.065523,0.065503,0.06177,0.061301,0.061229,0.058763
3,mid,mid,saturday,0.04063,13,3214,3.1251,0.00924,0.008911,0.008282,0.007828,0.00734,0.00725,0.007012,0.006889,0.00694,0.007173,0.006676,0.006549,0.006684,0.006465,0.006432,0.006523,0.006383,0.006438,0.006597,0.00663,0.006681,0.006343,0.006703,0.00691,0.006771,0.006739,0.007245,0.007199,0.007199,0.008227,0.009206,0.009602,0.010874,0.011787,0.012009,0.011978,0.012029,0.011868,0.011347,0.011169,0.010905,0.010126,0.009935,0.009727,0.009202,0.008773,0.009041,0.00968,0.010439,0.010791,0.011589,0.011839,0.0111,0.010827,0.010958,0.011317,0.011652,0.010706,0.010007,0.010108,0.010146,0.009827,0.009759,0.009971,0.010479,0.009941,0.010121,0.010061,0.010448,0.010741,0.010983,0.011534,0.012813,0.013439,0.014449,0.015596,0.016361,0.017001,0.018329,0.018132,0.017345,0.016853,0.016126,0.01608,0.016533,0.015601,0.014639,0.013805,0.013509,0.012709,0.01165,0.011463,0.01086,0.010232,0.009933,0.009678,0.115507,0.111384,0.103531,0.097854,0.091753,0.090628,0.087646,0.086108,0.086756,0.089663,0.083458,0.081868,0.083547,0.080812,0.080403,0.081538,0.07979,0.080478,0.082465,0.082873,0.083513,0.079286,0.08379,0.086371,0.084635,0.084243,0.090561,0.089988,0.089994,0.102843,0.115075,0.120029,0.135928,0.147341,0.150118,0.149724,0.150369,0.148352,0.141846,0.139619,0.136319,0.12658,0.124184,0.121589,0.115026,0.109671,0.113013,0.121006,0.130486,0.134891,0.144868,0.147994,0.138751,0.135342,0.13698,0.141462,0.145657,0.13383,0.125095,0.126353,0.126827,0.122835,0.121987,0.12464,0.130996,0.124263,0.126519,0.125771,0.130606,0.134259,0.13729,0.144174,0.160165,0.167992,0.18062,0.194952,0.204521,0.212518,0.229115,0.226653,0.216823,0.210673,0.201585,0.201009,0.206671,0.195016,0.182987,0.172568,0.168862,0.158868,0.145631,0.143288,0.135754,0.127901,0.124168,0.12098
3,mid,mid,sunday,0.0368,15,3022,2.4534,0.011566,0.010293,0.010257,0.00957,0.009543,0.009057,0.008707,0.00866,0.008836,0.008742,0.00866,0.008398,0.008509,0.008157,0.007976,0.008081,0.007835,0.008011,0.008004,0.008101,0.008229,0.008149,0.008036,0.008721,0.008696,0.008886,0.009607,0.010189,0.010669,0.012014,0.012529,0.013391,0.013562,0.015252,0.017253,0.018161,0.017432,0.018089,0.017158,0.016205,0.015291,0.014033,0.013798,0.014467,0.013975,0.013155,0.014159,0.01423,0.013771,0.014089,0.013591,0.0133,0.01366,0.014782,0.014182,0.013484,0.013539,0.013454,0.013128,0.011041,0.0101,0.010129,0.009559,0.008942,0.008532,0.008943,0.008855,0.008401,0.00864,0.009185,0.008977,0.008968,0.009376,0.010385,0.010378,0.009776,0.009532,0.009474,0.010219,0.009091,0.008624,0.008232,0.007693,0.007923,0.00808,0.008037,0.007181,0.00697,0.00683,0.00642,0.006088,0.005392,0.005636,0.00542,0.004923,0.00477,0.113502,0.101009,0.100659,0.09392,0.093647,0.088877,0.085447,0.084989,0.086713,0.085792,0.084982,0.08241,0.083506,0.080048,0.078276,0.079306,0.076892,0.078611,0.078549,0.079504,0.080754,0.079971,0.078861,0.085587,0.085337,0.0872,0.094277,0.09999,0.104697,0.117895,0.122952,0.131412,0.13309,0.149677,0.16931,0.178224,0.17107,0.177512,0.168385,0.159028,0.150055,0.137709,0.135409,0.141974,0.137139,0.129101,0.138949,0.139644,0.135145,0.138267,0.13338,0.130519,0.134056,0.145064,0.139175,0.132324,0.132864,0.132036,0.128828,0.108346,0.099112,0.099398,0.093812,0.087751,0.083728,0.08776,0.086904,0.082448,0.084791,0.090137,0.0881,0.088012,0.092011,0.101911,0.101846,0.095936,0.093539,0.092969,0.100282,0.089219,0.084634,0.08078,0.075494,0.077755,0.079289,0.078874,0.070472,0.068404,0.067025,0.062999,0.059742,0.052915,0.055314,0.053188,0.048317,0.046806
3,summer,summer,weekday,0.18574,85,43790,2.1852,0.00833,0.007716,0.007223,0.006934,0.006727,0.006462,0.006333,0.006143,0.005968,0.005929,0.005856,0.005711,0.005768,0.005716,0.00564,0.0056,0.005644,0.005569,0.005515,0.005505,0.005641,0.005739,0.005893,0.005908,0.006323,0.006588,0.006944,0.007389,0.00815,0.00879,0.009466,0.010172,0.010812,0.011424,0.011946,0.012181,0.012231,0.011994,0.012049,0.01179,0.011487,0.011047,0.01066,0.010144,0.009998,0.00962,0.00982,0.010145,0.010549,0.011076,0.011605,0.011889,0.01185,0.011682,0.011605,0.011212,0.011072,0.01083,0.010605,0.010488,0.010235,0.009986,0.009832,0.009771,0.009876,0.009822,0.009869,0.010027,0.010353,0.010445,0.010659,0.011217,0.011633,0.012038,0.01288,0.014438,0.015883,0.016807,0.017479,0.018023,0.018255,0.017905,0.017735,0.017515,0.016825,0.016314,0.015836,0.015184,0.014486,0.01394,0.013419,0.012865,0.012229,0.011672,0.010972,0.010475,0.072807,0.067444,0.063135,0.060606,0.058798,0.056483,0.055357,0.053692,0.052168,0.051823,0.051189,0.049915,0.05042,0.049965,0.049298,0.04895,0.049336,0.048674,0.048207,0.048114,0.049303,0.050159,0.051509,0.051637,0.055268,0.057583,0.060694,0.064587,0.071238,0.076828,0.082739,0.088908,0.094503,0.099857,0.104417,0.106472,0.106908,0.104836,0.105315,0.103053,0.100404,0.096558,0.093179,0.088663,0.087393,0.084088,0.085832,0.088676,0.092209,0.096814,0.101437,0.103922,0.103578,0.102107,0.101433,0.098002,0.096774,0.094666,0.092694,0.091676,0.08946,0.087289,0.085938,0.085403,0.08632,0.085848,0.086265,0.087641,0.090495,0.091295,0.09317,0.098045,0.101682,0.105219,0.112578,0.1262,0.138833,0.146907,0.152782,0.15753,0.159565,0.156506,0.155018,0.153098,0.147067,0.142597,0.138421,0.132716,0.126617,0.121846,0.117295,0.112447,0.106891,0.102022,0.0959,0.091562
3,summer,summer,saturday,0.06807,17,9256,4.0038,0.008971,0.008464,0.008086,0.007322,0.006771,0.006731,0.006348,0.00594,0.005691,0.005454,0.005215,0.005174,0.005106,0.004969,0.004789,0.004811,0.004763,0.00456,0.00466,0.004675,0.004548,0.004787,0.004775,0.004692,0.005105,0.005296,0.005774,0.0059,0.006769,0.007744,0.008227,0.009192,0.01019,0.011073,0.011614,0.012202,0.012314,0.012579,0.012335,0.011988,0.011677,0.010919,0.010398,0.009851,0.00954,0.009481,0.009581,0.010451,0.01106,0.011275,0.012123,0.012241,0.012685,0.012937,0.012458,0.012404,0.011904,0.011935,0.011478,0.011444,0.011139,0.010801,0.010523,0.010265,0.010197,0.010467,0.010721,0.010821,0.011181,0.011373,0.011754,0.012175,0.012455,0.013231,0.014363,0.015531,0.016865,0.017699,0.018307,0.018212,0.018183,0.018099,0.017698,0.017383,0.016821,0.016015,0.015475,0.015085,0.014257,0.013327,0.012802,0.012332,0.011845,0.011348,0.010433,0.009372,0.143678,0.135554,0.129494,0.117264,0.10844,0.107806,0.10166,0.095129,0.09115,0.087351,0.083523,0.082861,0.081767,0.079574,0.076702,0.077048,0.076286,0.073024,0.074625,0.074878,0.072844,0.076672,0.076479,0.075147,0.081757,0.084822,0.092469,0.094496,0.108402,0.124023,0.131765,0.147208,0.163204,0.177337,0.186009,0.195414,0.197209,0.201453,0.197542,0.191994,0.187019,0.174869,0.166536,0.15776,0.152785,0.151848,0.153439,0.167371,0.177126,0.180578,0.194147,0.196045,0.203162,0.207192,0.199518,0.198648,0.190644,0.191143,0.183819,0.183278,0.178388,0.17298,0.168534,0.164404,0.163303,0.167633,0.171707,0.173306,0.179062,0.18215,0.188248,0.194988,0.199466,0.211904,0.230027,0.24873,0.270107,0.283456,0.293191,0.291678,0.291203,0.289858,0.283441,0.278388,0.269394,0.256484,0.247846,0.241587,0.228331,0.213433,0.205033,0.197496,0.189706,0.181745,0.16709,0.150091
3,summer,summer,sunday,0.07348,20,10468,3.6741,0.0098,0.009138,0.008538,0.008,0.0076,0.007296,0.007036,0.006629,0.00648,0.006255,0.006048,0.005802,0.005758,0.00576,0.005735,0.005588,0.005467,0.005531,0.005733,0.005537,0.005496,0.005509,0.005945,0.006036,0.006228,0.006511,0.00652,0.007284,0.008364,0.009244,0.010464,0.011963,0.01317,0.01414,0.014909,0.015619,0.016036,0.016419,0.016156,0.015541,0.014859,0.013829,0.013389,0.01238,0.012052,0.012163,0.011936,0.012369,0.012736,0.013202,0.013874,0.014237,0.014141,0.014352,0.013597,0.01368,0.01384,0.013475,0.013017,0.012515,0.012088,0.011806,0.011444,0.010856,0.010522,0.01065,0.010399,0.010198,0.010486,0.010609,0.01013,0.010535,0.010913,0.01122,0.011572,0.012103,0.012896,0.013196,0.013513,0.013245,0.012771,0.012806,0.012711,0.012378,0.011785,0.01117,0.011029,0.010473,0.009616,0.009466,0.00884,0.008506,0.008167,0.007564,0.006891,0.006516,0.14402,0.134302,0.125477,0.117577,0.111696,0.10723,0.1034,0.097421,0.09524,0.091932,0.088886,0.08527,0.084616,0.08465,0.084289,0.082131,0.08035,0.081282,0.084255,0.081381,0.080766,0.080956,0.087364,0.088704,0.091524,0.095689,0.095819,0.107056,0.122927,0.135848,0.153791,0.175817,0.19356,0.207811,0.219116,0.229551,0.23567,0.241296,0.23744,0.228396,0.218375,0.203245,0.196774,0.18195,0.177116,0.178755,0.175412,0.181778,0.187172,0.194023,0.203893,0.209235,0.207823,0.210928,0.199832,0.201055,0.203402,0.19804,0.191305,0.183934,0.17765,0.173512,0.168192,0.159551,0.154634,0.15652,0.152826,0.149878,0.154108,0.155913,0.148879,0.154827,0.160378,0.164898,0.170064,0.177877,0.189527,0.193938,0.1986,0.194651,0.187683,0.188197,0.18681,0.181912,0.173203,0.164157,0.162091,0.153911,0.141315,0.139119,0.129919,0.125004,0.12002,0.111165,0.10127,0.095767
4,winter,winter,weekday,0.27353,102,156052,2.6817,0.009135,0.008857,0.008612,0.008454,0.008255,0.008121,0.007994,0.007891,0.007785,0.007737,0.007684,0.007692,0.007682,0.007623,0.007632,0.00763,0.007654,0.007626,0.007692,0.007656,0.007745,0.007781,0.007914,0.007962,0.00819,0.008271,0.008429,0.008585,0.008851,0.009196,0.00945,0.00986,0.010132,0.010404,0.010635,0.010748,0.010949,0.011029,0.01091,0.010724,0.010716,0.010719,0.01059,0.010506,0.010389,0.0103,0.010293,0.010354,0.010285,0.01047,0.010627,0.010802,0.010741,0.010649,0.010637,0.010583,0.010681,0.01062,0.0106,0.010615,0.01071,0.010632,0.010706,0.010695,0.010782,0.010915,0.011151,0.011397,0.011782,0.012023,0.012309,0.012576,0.012821,0.013155,0.013421,0.013858,0.014209,0.014313,0.014386,0.014273,0.014121,0.013975,0.013786,0.01356,0.013277,0.012951,0.012693,0.01242,0.012178,0.011849,0.011546,0.011257,0.010961,0.010629,0.010308,0.010024,0.097986,0.095008,0.092379,0.090684,0.088548,0.087111,0.08575,0.08464,0.083503,0.082999,0.08243,0.082515,0.082409,0.081766,0.081872,0.081845,0.082102,0.081806,0.082511,0.082123,0.083079,0.083462,0.08489,0.085408,0.087854,0.088718,0.090416,0.092093,0.094946,0.098645,0.101364,0.105769,0.108682,0.111601,0.114075,0.115293,0.117443,0.118308,0.117032,0.115029,0.114949,0.114982,0.113595,0.112695,0.111443,0.11049,0.110408,0.111064,0.110329,0.112315,0.113997,0.115867,0.11522,0.114233,0.114097,0.113518,0.114577,0.113923,0.1137,0.113863,0.114884,0.114051,0.114837,0.114728,0.115653,0.117084,0.119613,0.122249,0.126386,0.128969,0.132035,0.1349,0.13753,0.141107,0.143962,0.148647,0.152413,0.153537,0.154313,0.153106,0.15147,0.149909,0.147882,0.145451,0.142423,0.138923,0.136152,0.133223,0.130636,0.127107,0.123853,0.120747,0.11758,0.114012,0.110571,0.107524
4,winter,winter,saturday,0.07579,21,33603,3.6092,0.008943,0.008687,0.008285,0.007989,0.007792,0.007538,0.007334,0.007183,0.007029,0.006948,0.006876,0.006836,0.006778,0.006678,0.006699,0.006633,0.006733,0.006712,0.006774,0.006749,0.006804,0.006823,0.006847,0.006884,0.007108,0.007161,0.007292,0.007511,0.007895,0.008382,0.008839,0.009266,0.009844,0.010185,0.010573,0.010735,0.010884,0.01127,0.010991,0.010924,0.010827,0.010648,0.010527,0.010244,0.010047,0.009963,0.009958,0.010159,0.010332,0.010656,0.010922,0.011057,0.010983,0.011054,0.010918,0.010858,0.010769,0.010828,0.010848,0.01089,0.010953,0.011015,0.010906,0.011034,0.011299,0.011601,0.011898,0.012323,0.012836,0.013275,0.013604,0.013815,0.014051,0.01444,0.014758,0.015015,0.015367,0.015757,0.015725,0.015464,0.015276,0.014848,0.014569,0.014253,0.013899,0.013561,0.013134,0.012767,0.012505,0.012021,0.011573,0.011422,0.010889,0.010495,0.010092,0.009657,0.129111,0.125415,0.119616,0.11533,0.112497,0.108826,0.105875,0.103698,0.101477,0.100308,0.099265,0.098693,0.09786,0.096404,0.096707,0.095767,0.097197,0.096901,0.097803,0.097439,0.098228,0.098506,0.098849,0.099389,0.102621,0.103388,0.105269,0.108435,0.113978,0.12101,0.127606,0.133773,0.142122,0.147043,0.152645,0.154977,0.157134,0.162711,0.158675,0.15771,0.156314,0.153727,0.151981,0.147886,0.145042,0.143834,0.143758,0.14667,0.149167,0.153839,0.157684,0.159623,0.15856,0.159584,0.157623,0.156753,0.155479,0.156329,0.156613,0.157214,0.158126,0.159023,0.157455,0.159291,0.163125,0.16749,0.171764,0.177904,0.185311,0.191644,0.196394,0.199442,0.202855,0.208474,0.213067,0.216775,0.221854,0.227488,0.227023,0.223247,0.220538,0.214363,0.210337,0.205767,0.200658,0.195775,0.18962,0.184316,0.180532,0.173547,0.167077,0.164905,0.15721,0.151519,0.1457,0.139411
4,winter,winter,sunday,0.10537,28,41686,3.7633,0.009778,0.009376,0.008997,0.008672,0.008379,0.008154,0.007958,0.007682,0.007514,0.007384,0.007258,0.007096,0.007045,0.006897,0.006901,0.006923,0.006955,0.006958,0.006933,0.006831,0.006912,0.006973,0.006985,0.007098,0.007177,0.007252,0.007347,0.007584,0.008007,0.00851,0.008984,0.009516,0.010059,0.010797,0.011558,0.011986,0.01238,0.01266,0.012718,0.012702,0.012387,0.01233,0.01215,0.012065,0.011839,0.011612,0.011421,0.011474,0.011631,0.011817,0.011905,0.01188,0.011857,0.011894,0.011739,0.011511,0.011433,0.011436,0.011397,0.011186,0.01124,0.011039,0.011065,0.011331,0.011372,0.011514,0.011577,0.01179,0.012221,0.012314,0.012543,0.012695,0.012721,0.012836,0.013115,0.01357,0.013782,0.013625,0.01381,0.013553,0.013275,0.013025,0.012815,0.012515,0.012089,0.011983,0.011665,0.011356,0.011012,0.010565,0.010235,0.009921,0.00954,0.009189,0.00877,0.008474,0.147182,0.141134,0.135427,0.130535,0.126134,0.122736,0.119787,0.11564,0.113109,0.111146,0.109255,0.106817,0.106043,0.10382,0.103879,0.104217,0.104698,0.104732,0.104363,0.102824,0.104049,0.104961,0.105146,0.106843,0.108039,0.109161,0.110597,0.114169,0.120535,0.128102,0.135243,0.143239,0.151419,0.162525,0.173984,0.180431,0.186354,0.190575,0.191439,0.191207,0.186469,0.185602,0.182894,0.181618,0.178219,0.174801,0.171924,0.172721,0.175078,0.177879,0.179213,0.178828,0.178479,0.179042,0.176702,0.17328,0.172095,0.172153,0.171554,0.168376,0.169192,0.166171,0.166561,0.170566,0.171181,0.173324,0.174266,0.177479,0.183962,0.185358,0.188808,0.191096,0.191483,0.193215,0.19742,0.204264,0.207463,0.205092,0.207878,0.204019,0.199833,0.196066,0.192899,0.188384,0.181978,0.180388,0.175599,0.170949,0.165763,0.159037,0.154075,0.149345,0.143607,0.138318,0.132014,0.127562
4,mid,mid,weekday,0.1201,64,87554,1.8765,0.009374,0.009219,0.009022,0.008824,0.008696,0.008618,0.008561,0.008477,0.00842,0.008359,0.008384,0.008383,0.008356,0.008365,0.008334,0.008314,0.008351,0.008278,0.008316,0.00836,0.008409,0.008475,0.008635,0.008594,0.00869,0.008817,0.009006,0.009175,0.009404,0.009649,0.009753,0.010044,0.01017,0.010451,0.010845,0.010843,0.01092,0.010986,0.010976,0.010875,0.010765,0.010778,0.010866,0.010867,0.010794,0.010866,0.010913,0.01085,0.010979,0.010973,0.01102,0.010841,0.010711,0.010775,0.010783,0.010751,0.010699,0.010821,0.010695,0.010719,0.010687,0.010617,0.010543,0.010647,0.010526,0.010519,0.010432,0.010495,0.010569,0.010676,0.010894,0.011077,0.011463,0.011812,0.012254,0.012741,0.013059,0.013311,0.013368,0.013279,0.013288,0.013239,0.013068,0.013001,0.012799,0.012462,0.012153,0.01204,0.011831,0.011514,0.011174,0.010945,0.010698,0.010466,0.010164,0.009995,0.070359,0.069202,0.067717,0.066236,0.065272,0.064688,0.064256,0.063632,0.063204,0.062742,0.062929,0.062923,0.062722,0.062785,0.062555,0.062403,0.06268,0.062139,0.062423,0.062754,0.06312,0.063612,0.064812,0.064511,0.065226,0.066179,0.067597,0.068866,0.07059,0.07243,0.073205,0.075393,0.076339,0.078448,0.081407,0.081388,0.081968,0.082459,0.082384,0.081626,0.080806,0.080903,0.081561,0.081571,0.081021,0.081565,0.081912,0.081443,0.082407,0.082365,0.082718,0.081373,0.0804,0.080876,0.080936,0.080696,0.080305,0.081226,0.080275,0.080458,0.080222,0.079694,0.079141,0.07992,0.07901,0.078955,0.078304,0.078777,0.079333,0.080135,0.081774,0.083144,0.086043,0.08866,0.091983,0.095637,0.098022,0.099915,0.100344,0.099676,0.099742,0.099375,0.098093,0.097588,0.096069,0.09354,0.091225,0.090377,0.088804,0.086423,0.08387,0.082155,0.080297,0.078559,0.076295,0.075024
4,mid,mid,saturday,0.02884,13,15715,2.2182,0.009301,0.009104,0.00867,0.008489,0.008363,0.00808,0.007944,0.007781,0.007691,0.007713,0.007548,0.007633,0.007524,0.007564,0.007469,0.00749,0.007463,0.007552,0.007487,0.007545,0.007603,0.00759,0.007601,0.007638,0.007783,0.007822,0.008136,0.008205,0.008553,0.008675,0.008853,0.00903,0.009454,0.009877,0.010315,0.010758,0.01075,0.011054,0.010936,0.011031,0.011144,0.010944,0.010991,0.010851,0.010693,0.010703,0.010612,0.010853,0.011283,0.011438,0.01182,0.011569,0.011267,0.011014,0.011165,0.011208,0.011095,0.011172,0.011242,0.01111,0.011072,0.010845,0.010666,0.010893,0.010875,0.01072,0.010714,0.010861,0.01102,0.011067,0.01143,0.011612,0.012044,0.012706,0.013109,0.01372,0.014383,0.014463,0.014544,0.014432,0.014297,0.01402,0.013888,0.013387,0.013172,0.013057,0.01283,0.012499,0.012328,0.012065,0.01186,0.011351,0.011011,0.010534,0.010272,0.010003,0.082525,0.080779,0.076932,0.075319,0.074202,0.071696,0.070486,0.069043,0.068239,0.06844,0.066973,0.067724,0.066762,0.067116,0.066275,0.066459,0.06622,0.067007,0.066428,0.066944,0.067458,0.067347,0.06744,0.067768,0.069054,0.069403,0.072191,0.072807,0.075893,0.076976,0.07855,0.080126,0.083884,0.087641,0.091525,0.095458,0.09538,0.098084,0.097031,0.097875,0.098883,0.097106,0.097522,0.096278,0.094881,0.094971,0.094158,0.096297,0.100116,0.101485,0.104875,0.10265,0.099974,0.097727,0.099066,0.099444,0.098442,0.099126,0.099753,0.098576,0.098236,0.096223,0.094642,0.09665,0.096493,0.095116,0.095066,0.096367,0.097781,0.098194,0.101417,0.103032,0.106863,0.112736,0.116315,0.121732,0.127616,0.128331,0.129048,0.128054,0.126858,0.124402,0.123229,0.118781,0.116869,0.115857,0.113842,0.110907,0.109386,0.107048,0.105237,0.100716,0.097695,0.093472,0.09114,0.088759
4,mid,mid,sunday,0.03186,15,15256,2.1239,0.010309,0.010045,0.009597,0.009321,0.009047,0.008844,0.008675,0.008517,0.008333,0.008298,0.008207,0.008135,0.008184,0.008148,0.007988,0.008121,0.007979,0.007979,0.008206,0.008117,0.008066,0.008078,0.008247,0.008236,0.008286,0.008276,0.008467,0.008465,0.008923,0.009219,0.009362,0.009756,0.010228,0.010925,0.01128,0.011521,0.011816,0.012073,0.01254,0.012474,0.01254,0.01231,0.012614,0.012243,0.012102,0.012062,0.012304,0.012334,0.012614,0.012858,0.012577,0.012373,0.012572,0.012306,0.012045,0.011686,0.011443,0.011393,0.01165,0.011273,0.010859,0.010518,0.01066,0.010513,0.01046,0.01058,0.010386,0.010234,0.010223,0.010458,0.010652,0.011082,0.01095,0.01117,0.011422,0.012053,0.012263,0.012033,0.012168,0.012076,0.012093,0.011961,0.012125,0.011577,0.011334,0.01139,0.010938,0.010508,0.010376,0.010121,0.009733,0.009643,0.00933,0.009124,0.008831,0.008566,0.08758,0.085342,0.081532,0.079185,0.076864,0.075134,0.073703,0.072359,0.070792,0.070499,0.069724,0.069109,0.069532,0.069221,0.06786,0.068992,0.067784,0.067788,0.069719,0.068958,0.068522,0.068625,0.070064,0.069971,0.070398,0.070306,0.071931,0.071915,0.075805,0.078324,0.079538,0.082887,0.086892,0.092817,0.095831,0.097879,0.100384,0.102571,0.106535,0.105974,0.106534,0.10458,0.107161,0.10401,0.102818,0.102472,0.104531,0.104787,0.107161,0.109238,0.106849,0.105115,0.106802,0.104544,0.102327,0.099275,0.097214,0.096792,0.098976,0.095772,0.092254,0.08936,0.090563,0.089311,0.088862,0.089882,0.088233,0.086947,0.086852,0.088846,0.090495,0.094152,0.093024,0.0949,0.097035,0.102397,0.104178,0.102231,0.103376,0.102595,0.102741,0.101614,0.10301,0.098352,0.096288,0.096764,0.092927,0.089268,0.088151,0.085984,0.082684,0.081926,0.079262,0.077514,0.075026,0.072774
4,summer,summer,weekday,0.24175,85,203722,2.8441,0.009081,0.008683,0.008302,0.008003,0.007777,0.007572,0.007377,0.007281,0.007148,0.007064,0.007002,0.006968,0.006901,0.006844,0.006859,0.006873,0.006834,0.006811,0.006781,0.006782,0.00682,0.006822,0.006831,0.006859,0.006928,0.007026,0.007204,0.007397,0.007813,0.00827,0.008657,0.009219,0.009789,0.010536,0.011094,0.011414,0.011646,0.011813,0.01182,0.011691,0.011579,0.011365,0.011132,0.010821,0.010527,0.010378,0.010422,0.010593,0.010837,0.01119,0.011525,0.011854,0.011864,0.011703,0.011523,0.011376,0.01131,0.011098,0.010964,0.010783,0.0107,0.010567,0.01046,0.010438,0.010479,0.01048,0.010515,0.010619,0.010647,0.01076,0.010914,0.011059,0.011242,0.011703,0.012118,0.012884,0.013751,0.014662,0.015368,0.015733,0.01586,0.015565,0.015284,0.015282,0.015021,0.014725,0.014458,0.014139,0.013766,0.013197,0.012693,0.01219,0.011651,0.011096,0.010532,0.010007,0.103312,0.098778,0.094441,0.091048,0.088471,0.086142,0.083919,0.082829,0.08132,0.080359,0.079657,0.079275,0.07851,0.07786,0.078027,0.078191,0.07775,0.077482,0.077145,0.077154,0.077582,0.077614,0.077709,0.07803,0.078819,0.07993,0.08195,0.084153,0.088879,0.094077,0.098479,0.104875,0.111363,0.119858,0.126207,0.12985,0.132486,0.134386,0.13447,0.132996,0.131729,0.129291,0.126636,0.123105,0.119756,0.118058,0.118569,0.120508,0.123289,0.127299,0.131109,0.134856,0.134967,0.133133,0.131094,0.129418,0.128664,0.126254,0.12473,0.122672,0.121727,0.120211,0.119001,0.118745,0.119213,0.119225,0.11962,0.120804,0.121119,0.122412,0.124166,0.125809,0.127888,0.133132,0.13786,0.146569,0.156433,0.166798,0.174834,0.178988,0.180431,0.177073,0.173878,0.173848,0.170887,0.16751,0.164482,0.160844,0.156601,0.150132,0.144401,0.138673,0.132548,0.126227,0.119812,0.113847
4,summer,summer,saturday,0.05676,17,41807,3.3387,0.009255,0.008726,0.008333,0.007896,0.007603,0.00728,0.007076,0.006857,0.00669,0.006625,0.006524,0.00642,0.006332,0.006275,0.00627,0.006232,0.006242,0.006241,0.006202,0.006184,0.006204,0.006173,0.006277,0.006223,0.006332,0.006463,0.006614,0.006827,0.007265,0.007827,0.008296,0.008721,0.009516,0.010258,0.010946,0.011508,0.011813,0.012075,0.012269,0.012219,0.011954,0.01181,0.011464,0.011091,0.010833,0.01049,0.010458,0.01071,0.011168,0.011767,0.012212,0.012483,0.012204,0.01198,0.011748,0.011583,0.011477,0.011398,0.011307,0.011111,0.010971,0.010831,0.010733,0.010721,0.010776,0.010799,0.010999,0.01109,0.011312,0.011489,0.011576,0.01167,0.011765,0.011924,0.012341,0.012965,0.013994,0.014967,0.015729,0.016032,0.016003,0.015542,0.015201,0.014864,0.014869,0.014804,0.014527,0.014034,0.013738,0.013236,0.012771,0.012204,0.011698,0.011096,0.010484,0.009905,0.123592,0.116529,0.111281,0.105452,0.101532,0.097229,0.094493,0.091569,0.089337,0.088473,0.087133,0.085739,0.084563,0.083807,0.083728,0.083233,0.083364,0.083349,0.08283,0.082591,0.082854,0.082438,0.08383,0.083108,0.084559,0.086311,0.088333,0.091178,0.097016,0.104526,0.110788,0.116471,0.127088,0.136996,0.146174,0.153693,0.157766,0.161252,0.16385,0.163179,0.159643,0.15772,0.153096,0.148118,0.144674,0.140092,0.139664,0.143034,0.149139,0.15714,0.163091,0.166704,0.162982,0.159996,0.156896,0.154682,0.153275,0.152222,0.151,0.148387,0.146516,0.144648,0.143343,0.143177,0.143912,0.144214,0.146894,0.1481,0.151068,0.153439,0.154594,0.155847,0.157123,0.159246,0.164808,0.173143,0.186892,0.199886,0.210056,0.214097,0.213712,0.207554,0.203008,0.19851,0.198571,0.197704,0.194007,0.187416,0.183463,0.17676,0.170558,0.162987,0.156217,0.148189,0.140017,0.132283
4,summer,summer,sunday,0.066,20,47130,3.3002,0.009697,0.009115,0.008643,0.008107,0.007805,0.007415,0.00732,0.007165,0.0069,0.006832,0.006736,0.006644,0.006604,0.006537,0.00649,0.006489,0.006454,0.006506,0.006453,0.006394,0.006418,0.006458,0.006497,0.006513,0.006587,0.006653,0.006848,0.007104,0.007466,0.007966,0.008458,0.009272,0.010057,0.01107,0.011841,0.012422,0.012924,0.01336,0.013353,0.013409,0.013189,0.012876,0.012387,0.011931,0.011592,0.011331,0.011296,0.011559,0.012045,0.012543,0.013017,0.013003,0.012887,0.012412,0.012054,0.011914,0.011647,0.011664,0.011678,0.011446,0.011355,0.010976,0.01086,0.01076,0.010614,0.010817,0.010782,0.01078,0.01081,0.01079,0.010971,0.011261,0.011346,0.011675,0.01202,0.01258,0.013065,0.013475,0.014102,0.014584,0.014522,0.014246,0.014021,0.013877,0.013685,0.013504,0.013289,0.012817,0.01239,0.012102,0.011418,0.010842,0.010348,0.009879,0.009206,0.008778,0.128012,0.120321,0.114098,0.107022,0.103037,0.09788,0.096632,0.094584,0.091082,0.090191,0.088927,0.087711,0.087172,0.086299,0.085675,0.085661,0.0852,0.08588,0.085183,0.084407,0.084719,0.085256,0.085765,0.08598,0.08696,0.087825,0.0904,0.093773,0.098554,0.105154,0.111654,0.122401,0.132755,0.14613,0.156304,0.163985,0.170609,0.176368,0.176272,0.177015,0.17411,0.169973,0.163514,0.157502,0.15303,0.149582,0.149113,0.152592,0.159007,0.165583,0.171828,0.171648,0.170112,0.163843,0.15912,0.157268,0.153749,0.153981,0.154155,0.1511,0.14989,0.144888,0.143357,0.142034,0.140109,0.14279,0.142332,0.142309,0.142696,0.14244,0.144821,0.148649,0.149774,0.154123,0.158674,0.166063,0.172462,0.177878,0.186161,0.192519,0.191706,0.188056,0.185095,0.183189,0.180651,0.178259,0.175428,0.169188,0.163553,0.159757,0.150731,0.143129,0.1366,0.130417,0.121529,0.115871
5,winter,winter,weekday,0.35596,102,21394,3.4898,0.00973,0.009654,0.009799,0.009699,0.009643,0.009508,0.009431,0.009371,0.009308,0.009264,0.009216,0.009241,0.009178,0.00915,0.009191,0.009215,0.009172,0.009266,0.009312,0.009336,0.009782,0.009945,0.01002,0.010188,0.010376,0.01054,0.010609,0.010676,0.010796,0.010986,0.011116,0.011304,0.011336,0.011289,0.011202,0.011144,0.011005,0.010965,0.010838,0.01077,0.010744,0.010677,0.010572,0.010322,0.010193,0.010185,0.010098,0.010062,0.010051,0.010076,0.010133,0.009943,0.009802,0.009736,0.009695,0.009775,0.009879,0.009936,0.009973,0.010149,0.010126,0.010301,0.010232,0.010379,0.010416,0.010507,0.010643,0.010917,0.011117,0.011223,0.011361,0.011431,0.011543,0.011764,0.011836,0.011836,0.01185,0.011806,0.011848,0.011802,0.011697,0.011526,0.011421,0.011333,0.011239,0.011071,0.010979,0.010816,0.010672,0.010533,0.010421,0.01031,0.01028,0.010137,0.010087,0.009971,0.135821,0.134759,0.136779,0.135383,0.134604,0.132719,0.131648,0.130809,0.129932,0.129315,0.128648,0.129003,0.128117,0.127723,0.128305,0.128629,0.128031,0.129349,0.129985,0.130315,0.136549,0.138823,0.139872,0.142212,0.144842,0.147125,0.148085,0.149034,0.150703,0.153354,0.155176,0.157791,0.158234,0.157587,0.156363,0.155555,0.153613,0.153067,0.151293,0.15034,0.149979,0.149044,0.147569,0.144085,0.14228,0.142179,0.140954,0.14046,0.140302,0.140647,0.141451,0.138793,0.136821,0.135911,0.135329,0.136449,0.137895,0.138704,0.139216,0.141666,0.141353,0.143787,0.142827,0.144885,0.1454,0.146666,0.148571,0.152395,0.155179,0.156659,0.158594,0.159562,0.161131,0.164217,0.165213,0.165216,0.165414,0.164798,0.165388,0.164751,0.163277,0.16089,0.159427,0.158205,0.156883,0.154545,0.153258,0.150981,0.148971,0.147032,0.145468,0.143916,0.143495,0.141497,0.140809,0.139181
5,winter,winter,saturday,0.07498,21,4602,3.5704,0.009723,0.009688,0.009826,0.009705,0.009622,0.009479,0.009244,0.009276,0.009336,0.009176,0.009154,0.009164,0.009093,0.009139,0.009137,0.009118,0.009105,0.009156,0.009146,0.009198,0.009515,0.009805,0.00981,0.009934,0.010179,0.010154,0.010225,0.010276,0.010269,0.010474,0.010667,0.010764,0.010908,0.010848,0.010993,0.010912,0.010938,0.010899,0.010784,0.01074,0.010744,0.010554,0.010457,0.010258,0.010254,0.010074,0.009974,0.010123,0.010078,0.010039,0.010124,0.010089,0.009915,0.009705,0.009715,0.009661,0.009701,0.009805,0.009797,0.009843,0.010054,0.010168,0.01021,0.010434,0.010557,0.010773,0.010918,0.011224,0.01151,0.011667,0.011824,0.01186,0.012031,0.012137,0.012072,0.01229,0.012321,0.012266,0.012249,0.012267,0.012024,0.011736,0.011558,0.011473,0.011291,0.011178,0.011114,0.011015,0.01082,0.010701,0.010736,0.010596,0.01035,0.010152,0.010002,0.009929,0.138866,0.138363,0.140329,0.138609,0.13742,0.135371,0.132016,0.132477,0.133339,0.131055,0.130734,0.13088,0.12987,0.13052,0.130499,0.130227,0.13003,0.130763,0.130622,0.131362,0.135889,0.140038,0.140108,0.141873,0.145369,0.145018,0.146036,0.14676,0.146662,0.149586,0.152349,0.153734,0.155783,0.154927,0.156997,0.15585,0.15622,0.155653,0.154017,0.153392,0.153444,0.150735,0.149342,0.146508,0.146449,0.143882,0.142449,0.144574,0.143929,0.143371,0.144592,0.14409,0.141605,0.138602,0.138749,0.137982,0.138549,0.140026,0.139924,0.140573,0.143583,0.14522,0.145821,0.149014,0.150775,0.153855,0.155936,0.160294,0.164382,0.166632,0.168861,0.169385,0.171823,0.173335,0.172417,0.175519,0.17597,0.175182,0.174931,0.175195,0.17173,0.167612,0.165068,0.163859,0.161255,0.159636,0.158723,0.157316,0.154533,0.15283,0.153323,0.151335,0.147817,0.144988,0.142845,0.14181
5,winter,winter,sunday,0.10238,28,5748,3.6563,0.01007,0.009932,0.009953,0.00984,0.009795,0.009782,0.009642,0.00962,0.009431,0.009299,0.009263,0.009184,0.009264,0.009223,0.009251,0.009295,0.009257,0.009383,0.009365,0.009386,0.009565,0.009525,0.00962,0.009764,0.009915,0.009995,0.009973,0.0101,0.010271,0.01045,0.010527,0.01064,0.01092,0.010991,0.010965,0.011023,0.011059,0.011054,0.011017,0.010931,0.010925,0.010912,0.010805,0.010638,0.010566,0.010475,0.010349,0.010281,0.010324,0.010523,0.010472,0.010445,0.010416,0.010186,0.010043,0.010009,0.010049,0.010047,0.010075,0.01005,0.010163,0.010153,0.010143,0.01015,0.010308,0.01051,0.010721,0.011089,0.011357,0.011489,0.01151,0.011481,0.011497,0.011673,0.011744,0.011732,0.011854,0.011935,0.011688,0.011744,0.011752,0.01145,0.011354,0.011252,0.011185,0.010971,0.010874,0.010709,0.010649,0.010488,0.010321,0.01024,0.010034,0.009963,0.009898,0.009788,0.147268,0.145258,0.145565,0.143908,0.143258,0.143063,0.141018,0.14069,0.137925,0.135996,0.135476,0.134317,0.135487,0.134883,0.135292,0.135944,0.135379,0.137221,0.136963,0.137278,0.139883,0.139305,0.140687,0.142806,0.145001,0.146174,0.145861,0.147715,0.150221,0.152838,0.153962,0.155612,0.159711,0.160751,0.160368,0.161208,0.161735,0.161664,0.161131,0.15987,0.15978,0.159591,0.158023,0.155576,0.154532,0.153202,0.151354,0.150355,0.150995,0.1539,0.153159,0.152752,0.152329,0.148965,0.146885,0.146377,0.146968,0.14694,0.147355,0.146983,0.148637,0.148488,0.148337,0.148444,0.150754,0.153714,0.156797,0.162183,0.166103,0.168029,0.16833,0.167911,0.168147,0.170716,0.171758,0.171582,0.173365,0.174557,0.170932,0.171759,0.171875,0.16746,0.166056,0.164561,0.163586,0.160457,0.159034,0.156624,0.155741,0.153387,0.15095,0.149761,0.14675,0.145714,0.144755,0.143148
5,mid,mid,weekday,0.1448,64,11923,2.2624,0.010028,0.009882,0.009731,0.009684,0.009656,0.00953,0.009532,0.009419,0.009415,0.009243,0.009114,0.009049,0.009064,0.009072,0.009189,0.009205,0.00912,0.009092,0.009118,0.009089,0.009531,0.009601,0.009821,0.009947,0.010039,0.010054,0.010097,0.01016,0.010366,0.010739,0.010939,0.011165,0.011287,0.011235,0.011054,0.011045,0.010991,0.011068,0.010862,0.010758,0.010767,0.010697,0.010558,0.010443,0.010483,0.010421,0.010384,0.010308,0.010285,0.010395,0.010356,0.010116,0.009976,0.009839,0.009988,0.010063,0.010123,0.010199,0.010168,0.010149,0.010248,0.010311,0.010092,0.010181,0.010206,0.010196,0.010137,0.010143,0.010267,0.010398,0.010554,0.010561,0.010744,0.010896,0.011257,0.01167,0.01178,0.011919,0.012088,0.012158,0.012085,0.012113,0.012063,0.011943,0.011932,0.01169,0.011453,0.011254,0.011211,0.010951,0.010902,0.010789,0.010694,0.010545,0.010466,0.010399,0.090751,0.089428,0.088063,0.087634,0.087379,0.086246,0.08626,0.085235,0.085206,0.083643,0.082477,0.081887,0.082023,0.082098,0.083155,0.0833,0.082529,0.082277,0.082517,0.082253,0.086252,0.086882,0.088879,0.090022,0.090851,0.090988,0.091372,0.091942,0.093807,0.097185,0.098996,0.101038,0.10214,0.101673,0.100039,0.099955,0.09947,0.10016,0.098302,0.097358,0.09744,0.096809,0.095544,0.094509,0.094871,0.094305,0.093976,0.093288,0.093074,0.09407,0.093717,0.091545,0.090277,0.089037,0.090389,0.091067,0.091614,0.092301,0.092017,0.091845,0.092737,0.09331,0.091328,0.092131,0.092365,0.092268,0.091736,0.091787,0.092912,0.094099,0.09551,0.095573,0.097229,0.09861,0.10187,0.105606,0.106609,0.107863,0.109388,0.110028,0.10937,0.109622,0.109169,0.108078,0.107984,0.10579,0.103643,0.101847,0.101454,0.099105,0.098662,0.097633,0.096776,0.09543,0.094713,0.094104
5,mid,mid,saturday,0.03011,13,2137,2.3159,0.010195,0.00995,0.009935,0.00984,0.009649,0.009615,0.009729,0.009503,0.009382,0.009371,0.009238,0.009181,0.009198,0.009169,0.009203,0.009307,0.00934,0.009229,0.009101,0.009165,0.009654,0.009758,0.009682,0.009724,0.009844,0.009921,0.009774,0.009947,0.010439,0.01072,0.010642,0.010764,0.010861,0.010952,0.010702,0.010772,0.01077,0.010812,0.010659,0.010544,0.010508,0.010513,0.010255,0.010464,0.010297,0.01025,0.010488,0.010697,0.010555,0.01063,0.010491,0.01048,0.010026,0.010225,0.01036,0.009982,0.009908,0.010009,0.010139,0.00976,0.009931,0.010125,0.009863,0.009926,0.009932,0.009788,0.00992,0.010324,0.010191,0.010437,0.010354,0.010574,0.010899,0.011121,0.011448,0.011878,0.011953,0.012326,0.01218,0.012734,0.012657,0.012227,0.012108,0.011923,0.012009,0.011781,0.011653,0.011411,0.011356,0.010928,0.010812,0.010935,0.010851,0.010618,0.010308,0.010243,0.094446,0.092172,0.092034,0.091151,0.089387,0.089066,0.090124,0.088033,0.086906,0.086807,0.085581,0.085049,0.085202,0.084934,0.085255,0.086212,0.08652,0.085489,0.084312,0.084902,0.089435,0.090392,0.089694,0.090077,0.091194,0.091907,0.090538,0.092144,0.096698,0.099305,0.098581,0.099714,0.100612,0.101457,0.099142,0.09979,0.099768,0.100156,0.098743,0.097674,0.097337,0.097388,0.095001,0.096933,0.095385,0.094951,0.097152,0.09909,0.097773,0.098467,0.097184,0.097085,0.092878,0.094724,0.09597,0.092464,0.091787,0.092722,0.093921,0.090411,0.091994,0.093797,0.091366,0.091947,0.09201,0.090669,0.091897,0.095641,0.094409,0.096686,0.095917,0.09795,0.100962,0.103017,0.106049,0.110029,0.110725,0.114179,0.112831,0.117964,0.117251,0.113265,0.112162,0.110452,0.111243,0.109134,0.107947,0.10571,0.105201,0.101232,0.100154,0.101294,0.10052,0.098359,0.095487,0.094888
5,mid,mid,sunday,0.03344,15,2065,2.2293,0.010368,0.010124,0.009958,0.009952,0.010106,0.009868,0.009879,0.00975,0.009547,0.009635,0.009566,0.009301,0.00925,0.009243,0.009324,0.009617,0.009316,0.009295,0.009347,0.009439,0.009759,0.009939,0.010208,0.01013,0.010348,0.009942,0.009888,0.010403,0.010474,0.01068,0.010732,0.010482,0.011,0.01064,0.010505,0.010787,0.010766,0.011166,0.010662,0.011037,0.01117,0.010838,0.01083,0.010806,0.010639,0.01055,0.010467,0.010505,0.010445,0.010503,0.010393,0.010278,0.009865,0.009848,0.010033,0.010281,0.010141,0.01006,0.010115,0.010061,0.009794,0.009779,0.009788,0.009622,0.009634,0.009791,0.009507,0.009714,0.009848,0.00985,0.010073,0.009918,0.010399,0.010731,0.011067,0.01139,0.011503,0.011961,0.01204,0.011969,0.011888,0.012032,0.011981,0.012024,0.011868,0.011784,0.011643,0.011644,0.011344,0.011428,0.011155,0.010921,0.01074,0.010487,0.010258,0.010164,0.092457,0.090282,0.088802,0.088744,0.090117,0.087998,0.088096,0.08694,0.085135,0.08592,0.085306,0.08294,0.082489,0.082425,0.083143,0.085758,0.083071,0.082886,0.083351,0.084167,0.087028,0.088628,0.09103,0.090332,0.092274,0.088653,0.088175,0.092767,0.093401,0.095239,0.0957,0.093472,0.098087,0.094879,0.093678,0.096189,0.096006,0.09957,0.095074,0.098422,0.099606,0.096645,0.096578,0.096363,0.094873,0.09408,0.093342,0.093674,0.093138,0.093655,0.092682,0.091654,0.087972,0.08782,0.089466,0.091682,0.090433,0.089706,0.090196,0.089716,0.087333,0.0872,0.087286,0.085804,0.085912,0.087307,0.084774,0.086619,0.087814,0.087835,0.089821,0.088442,0.092735,0.095693,0.098686,0.101571,0.102579,0.10666,0.107362,0.106733,0.106005,0.10729,0.106835,0.107222,0.105833,0.105086,0.103827,0.103837,0.101156,0.101908,0.099471,0.09739,0.09577,0.093513,0.091478,0.090636
5,summer,summer,weekday,0.1792,85,28405,2.1082,0.01008,0.009876,0.009785,0.009731,0.009611,0.009515,0.009528,0.00944,0.009258,0.009192,0.009117,0.009047,0.008936,0.008891,0.008878,0.00886,0.008879,0.00885,0.008874,0.008876,0.009045,0.008959,0.009019,0.009141,0.00919,0.00903,0.009074,0.009243,0.009397,0.009862,0.009998,0.010204,0.010476,0.010622,0.010877,0.011065,0.011094,0.011167,0.011157,0.011143,0.011127,0.011085,0.010923,0.010834,0.010777,0.010808,0.010748,0.010709,0.010782,0.010775,0.010661,0.010409,0.010185,0.01015,0.010232,0.010244,0.010232,0.010282,0.01033,0.01037,0.010277,0.010367,0.01033,0.010305,0.010404,0.010355,0.010404,0.01043,0.010425,0.010446,0.010555,0.010625,0.010805,0.011005,0.011168,0.011456,0.011589,0.011758,0.01195,0.012052,0.012225,0.012233,0.012296,0.012292,0.012297,0.012251,0.012224,0.011922,0.011699,0.01155,0.011425,0.011201,0.011009,0.010816,0.010673,0.010529,0.085003,0.083288,0.082517,0.082057,0.081053,0.080239,0.080353,0.079609,0.07807,0.077515,0.076886,0.076295,0.075353,0.074979,0.074869,0.074714,0.074877,0.074635,0.074838,0.074852,0.07628,0.075554,0.076055,0.077089,0.077497,0.076149,0.076519,0.077946,0.079241,0.083161,0.084316,0.086046,0.088347,0.089577,0.091726,0.093311,0.093551,0.09417,0.094088,0.093967,0.093833,0.093479,0.092112,0.091359,0.090877,0.091141,0.090639,0.090306,0.09092,0.090864,0.089902,0.087775,0.085885,0.085594,0.086289,0.086389,0.086284,0.086711,0.08711,0.087453,0.086663,0.087424,0.087115,0.0869,0.087737,0.087327,0.087738,0.087953,0.087912,0.088093,0.089006,0.089596,0.091117,0.092804,0.094179,0.096609,0.097728,0.099156,0.100771,0.101635,0.103095,0.103157,0.103687,0.10366,0.103701,0.103312,0.10308,0.10054,0.098658,0.0974,0.096342,0.094457,0.092835,0.091214,0.090004,0.088791
5,summer,summer,saturday,0.03667,17,5799,2.1571,0.010112,0.009851,0.00979,0.00967,0.009431,0.009283,0.009332,0.009206,0.009172,0.009121,0.009044,0.008814,0.008883,0.008789,0.008824,0.008801,0.008832,0.008854,0.008802,0.008772,0.008935,0.008902,0.008842,0.00889,0.00891,0.008913,0.00889,0.009102,0.00922,0.009672,0.009819,0.009988,0.010323,0.0104,0.010747,0.011067,0.011056,0.011258,0.011311,0.011296,0.011292,0.011122,0.011096,0.011079,0.010996,0.010949,0.010735,0.01073,0.010661,0.010561,0.010611,0.010549,0.010397,0.01037,0.010419,0.010328,0.010464,0.010292,0.010283,0.010314,0.010247,0.010212,0.01011,0.010386,0.010482,0.010426,0.010732,0.010837,0.010631,0.010741,0.010907,0.010971,0.011136,0.011275,0.011337,0.011546,0.011817,0.011927,0.012085,0.012288,0.012421,0.01227,0.012262,0.012237,0.012284,0.012082,0.012173,0.011857,0.011603,0.011449,0.011454,0.011227,0.010933,0.010698,0.010503,0.010282,0.087249,0.085,0.084472,0.08344,0.081375,0.080097,0.08052,0.079434,0.079143,0.078703,0.078035,0.076054,0.076644,0.075834,0.076134,0.075937,0.076204,0.076399,0.07595,0.07569,0.077097,0.07681,0.076293,0.076708,0.076879,0.076908,0.076711,0.078534,0.079556,0.083453,0.084725,0.086182,0.089073,0.089737,0.092734,0.09549,0.095397,0.097137,0.097592,0.097463,0.097437,0.095966,0.095742,0.095593,0.094875,0.094477,0.092623,0.09258,0.091985,0.091123,0.091557,0.091025,0.089707,0.089482,0.089897,0.089118,0.090288,0.088806,0.088725,0.088995,0.088418,0.088112,0.087231,0.089613,0.090443,0.089957,0.092601,0.09351,0.091729,0.092675,0.094112,0.094665,0.096088,0.097282,0.097825,0.099626,0.101964,0.102911,0.104271,0.106024,0.107176,0.105875,0.105803,0.105586,0.105995,0.104251,0.105033,0.102309,0.10012,0.098785,0.098834,0.096868,0.094338,0.092308,0.090626,0.08872
5,summer,summer,sunday,0.04248,20,6543,2.1238,0.010096,0.009927,0.009756,0.009787,0.009708,0.009504,0.00957,0.00943,0.009315,0.009199,0.009075,0.009059,0.008994,0.008971,0.008889,0.008922,0.008973,0.008956,0.008841,0.008869,0.008959,0.008935,0.009015,0.009128,0.009127,0.009016,0.008903,0.009052,0.009292,0.009737,0.009726,0.009861,0.010339,0.010543,0.010706,0.010966,0.011179,0.011239,0.011385,0.011344,0.011538,0.011259,0.011197,0.01109,0.01091,0.010825,0.010895,0.011001,0.01083,0.010765,0.010742,0.010593,0.010485,0.010282,0.010342,0.010256,0.010292,0.01037,0.010274,0.010145,0.010132,0.01007,0.009961,0.010127,0.010221,0.010113,0.010284,0.010336,0.010419,0.010476,0.01059,0.010609,0.010885,0.011144,0.011363,0.011583,0.011701,0.01187,0.011983,0.011962,0.012073,0.012091,0.012306,0.012418,0.012349,0.01233,0.012134,0.011977,0.011717,0.011513,0.011282,0.011122,0.011,0.010599,0.010468,0.010412,0.085771,0.084334,0.082879,0.083145,0.082468,0.080739,0.081299,0.080108,0.079135,0.078143,0.077097,0.07696,0.07641,0.076208,0.075512,0.075794,0.076231,0.076084,0.075104,0.075341,0.07611,0.075908,0.076583,0.077546,0.077536,0.076595,0.075634,0.076897,0.078938,0.082718,0.082621,0.083772,0.087833,0.089568,0.090949,0.093159,0.094968,0.09548,0.096717,0.096369,0.098017,0.095646,0.09512,0.094208,0.09268,0.091959,0.092554,0.09346,0.092,0.09145,0.091252,0.089992,0.089069,0.087348,0.087858,0.087125,0.087435,0.088092,0.087276,0.086184,0.086077,0.085546,0.084623,0.08603,0.086827,0.085912,0.087363,0.087809,0.088508,0.088996,0.089961,0.090122,0.092472,0.094671,0.096533,0.098402,0.099404,0.100837,0.101799,0.101621,0.102559,0.102712,0.104541,0.105497,0.104904,0.104744,0.10308,0.101745,0.099539,0.097806,0.095842,0.094483,0.093445,0.090039,0.08893,0.088456
6,winter,winter,weekday,0.3057,102,249335,2.9971,0.007759,0.00742,0.007113,0.006833,0.006593,0.006395,0.006216,0.006106,0.006035,0.005965,0.00588,0.005808,0.005778,0.005758,0.005719,0.005692,0.005779,0.005798,0.005859,0.00593,0.006233,0.006401,0.006688,0.006992,0.007849,0.008663,0.009556,0.010418,0.011374,0.011836,0.011907,0.011888,0.011849,0.01176,0.011551,0.011256,0.010972,0.01067,0.010429,0.010067,0.009853,0.009606,0.009448,0.009431,0.009493,0.009751,0.010378,0.011118,0.011127,0.010995,0.010884,0.010972,0.011069,0.011071,0.011045,0.010977,0.010809,0.010643,0.010499,0.010276,0.010132,0.010064,0.010106,0.010198,0.010342,0.010481,0.01072,0.011065,0.011579,0.012139,0.012697,0.013379,0.014143,0.014975,0.01601,0.017055,0.017422,0.017331,0.016997,0.016782,0.01684,0.016687,0.016373,0.015939,0.015269,0.014519,0.013821,0.013101,0.012393,0.011669,0.010991,0.010361,0.009804,0.009289,0.008769,0.008318,0.093019,0.088959,0.085278,0.081916,0.079042,0.076664,0.074516,0.073203,0.07235,0.071506,0.07049,0.069628,0.069267,0.069024,0.068563,0.06824,0.069281,0.069511,0.070237,0.071093,0.074729,0.076732,0.080182,0.083821,0.094091,0.103854,0.114559,0.124897,0.136358,0.141894,0.142742,0.142522,0.142049,0.140987,0.138474,0.134936,0.131531,0.127918,0.125025,0.120684,0.118117,0.115162,0.113261,0.113064,0.113801,0.116902,0.124417,0.133286,0.133394,0.131808,0.130482,0.131536,0.132702,0.132725,0.132412,0.131602,0.12958,0.12759,0.12587,0.123196,0.121471,0.12065,0.121158,0.122252,0.123983,0.125654,0.12852,0.132654,0.138814,0.145532,0.152212,0.160395,0.169551,0.179523,0.191938,0.204466,0.208864,0.207765,0.203761,0.201194,0.201888,0.200045,0.196282,0.19108,0.183051,0.174064,0.165695,0.157063,0.14857,0.139887,0.131761,0.124214,0.117528,0.111359,0.105128,0.099722
6,winter,winter,saturday,0.06831,21,53512,3.2531,0.007599,0.00723,0.006915,0.006626,0.006381,0.006134,0.005978,0.005812,0.005732,0.005659,0.005574,0.005494,0.005477,0.00541,0.005351,0.005365,0.005418,0.005418,0.005456,0.005503,0.005715,0.005877,0.006073,0.006247,0.006864,0.007399,0.00799,0.008605,0.009223,0.009902,0.010457,0.011072,0.011628,0.012102,0.012357,0.012478,0.012483,0.012432,0.012355,0.012089,0.011843,0.011577,0.011265,0.011084,0.011202,0.011535,0.012183,0.012753,0.012819,0.012516,0.012073,0.011846,0.011848,0.011896,0.012063,0.012072,0.012006,0.011994,0.011701,0.011406,0.011245,0.011242,0.011152,0.011179,0.011231,0.011323,0.01162,0.011854,0.012312,0.012598,0.013064,0.013488,0.013966,0.014494,0.015321,0.016085,0.016369,0.015944,0.015535,0.015296,0.015098,0.014751,0.014332,0.013962,0.013391,0.012907,0.01232,0.011754,0.01123,0.010715,0.010225,0.009757,0.009293,0.008855,0.008463,0.008068,0.098877,0.094079,0.089985,0.08622,0.083029,0.079813,0.077787,0.075632,0.07458,0.073642,0.072531,0.071489,0.071266,0.070394,0.069625,0.069809,0.070506,0.070506,0.070991,0.071601,0.074361,0.076475,0.07902,0.081286,0.08931,0.096273,0.103972,0.111965,0.120012,0.128847,0.136063,0.14407,0.151305,0.157468,0.160788,0.162371,0.162437,0.161768,0.160771,0.157309,0.15411,0.150643,0.146583,0.144224,0.145759,0.1501,0.15853,0.165946,0.1668,0.162857,0.157102,0.15414,0.154173,0.154793,0.156968,0.157085,0.15622,0.156073,0.152258,0.148411,0.146324,0.146282,0.145108,0.145466,0.146139,0.147334,0.151198,0.154248,0.1602,0.163924,0.169992,0.175508,0.181723,0.188605,0.199359,0.2093,0.212996,0.207472,0.202146,0.199032,0.196458,0.191946,0.18649,0.181683,0.174245,0.167951,0.16031,0.152943,0.146133,0.139431,0.133047,0.126959,0.120919,0.11522,0.110122,0.104989
6,winter,winter,sunday,0.09134,28,64925,3.2621,0.007853,0.007524,0.007204,0.006881,0.006633,0.006372,0.006205,0.006054,0.005965,0.00587,0.005713,0.005651,0.005649,0.005607,0.005491,0.005492,0.005562,0.005551,0.005587,0.005642,0.005863,0.005974,0.006107,0.006245,0.006765,0.007114,0.007561,0.008033,0.008547,0.009155,0.009585,0.010255,0.010893,0.01143,0.011965,0.012322,0.012583,0.012815,0.012846,0.012743,0.012675,0.012331,0.012118,0.012068,0.012155,0.012352,0.012995,0.013588,0.013411,0.012764,0.012222,0.0119,0.011698,0.011647,0.011524,0.011462,0.011342,0.011181,0.01104,0.010822,0.010675,0.010746,0.010731,0.01081,0.010969,0.011254,0.01154,0.011867,0.012221,0.012579,0.012962,0.013436,0.013883,0.014465,0.015264,0.015998,0.016198,0.015902,0.015523,0.015149,0.015035,0.014849,0.014575,0.01423,0.013748,0.013111,0.012523,0.011929,0.011319,0.010726,0.010098,0.009608,0.009102,0.008593,0.00809,0.00769,0.10247,0.09818,0.094005,0.089784,0.086555,0.083145,0.08097,0.078989,0.077833,0.076589,0.07454,0.073731,0.073707,0.073164,0.071653,0.071658,0.072571,0.072435,0.0729,0.073614,0.076505,0.077955,0.079684,0.081489,0.088269,0.09282,0.098661,0.104813,0.111526,0.119461,0.125074,0.133807,0.142133,0.149145,0.156121,0.16078,0.164191,0.167211,0.167625,0.166279,0.165385,0.160903,0.158126,0.157468,0.158599,0.161168,0.169567,0.1773,0.174993,0.166547,0.159481,0.155282,0.152644,0.15197,0.150364,0.149557,0.148,0.145893,0.144049,0.141212,0.139292,0.140223,0.140022,0.141059,0.143125,0.146842,0.150575,0.154839,0.159464,0.164137,0.16913,0.17532,0.181153,0.188738,0.199167,0.208753,0.211361,0.207492,0.202545,0.197665,0.196185,0.193761,0.190178,0.185674,0.179383,0.171078,0.163404,0.155647,0.147697,0.139962,0.13176,0.125364,0.118766,0.112122,0.105558,0.10034
6,mid,mid,weekday,0.16572,64,134766,2.5894,0.007798,0.007411,0.007092,0.006837,0.006628,0.006413,0.006247,0.00612,0.006028,0.005925,0.005852,0.005795,0.005747,0.005695,0.005675,0.005678,0.005739,0.005706,0.005762,0.005816,0.006037,0.006181,0.006479,0.006785,0.00755,0.008391,0.009307,0.010359,0.011371,0.011735,0.011745,0.011695,0.011595,0.011528,0.011216,0.010917,0.010694,0.01046,0.010195,0.009961,0.009785,0.009611,0.009533,0.00955,0.009691,0.010091,0.010853,0.011718,0.011751,0.011499,0.011294,0.011276,0.011329,0.011204,0.011214,0.011134,0.010959,0.010809,0.010596,0.010326,0.010158,0.009944,0.009896,0.009875,0.009896,0.009914,0.010017,0.0102,0.010507,0.010956,0.011485,0.012227,0.013023,0.01425,0.015661,0.017073,0.017887,0.017971,0.017625,0.017358,0.017393,0.01729,0.017033,0.016645,0.015967,0.015241,0.014474,0.013753,0.012966,0.012148,0.011335,0.010636,0.010038,0.009442,0.008904,0.008423,0.08077,0.076765,0.073456,0.070816,0.068651,0.066427,0.064703,0.06339,0.062437,0.061369,0.060617,0.06002,0.059526,0.058987,0.05878,0.058808,0.059443,0.059101,0.059679,0.060239,0.062527,0.064015,0.067106,0.070275,0.0782,0.086909,0.096394,0.107291,0.11777,0.121551,0.121653,0.12113,0.120096,0.119402,0.116175,0.113075,0.110761,0.108335,0.105599,0.103172,0.101345,0.09955,0.098739,0.098917,0.100372,0.104518,0.11241,0.121373,0.121709,0.119105,0.116974,0.116796,0.117343,0.116043,0.116147,0.115322,0.113505,0.111958,0.109752,0.106948,0.105215,0.102998,0.102494,0.102286,0.102494,0.102682,0.103752,0.105646,0.108822,0.113472,0.118955,0.126642,0.134883,0.147594,0.162208,0.176834,0.185264,0.186134,0.182551,0.179787,0.180145,0.179085,0.176424,0.172405,0.165374,0.157862,0.149918,0.142443,0.134295,0.125819,0.117398,0.110167,0.103968,0.097798,0.092226,0.087243
6,mid,mid,saturday,0.03553,13,24264,2.7327,0.00783,0.007449,0.006983,0.006763,0.006517,0.006316,0.00619,0.005946,0.005846,0.005725,0.005639,0.005634,0.005578,0.005509,0.005487,0.005494,0.005494,0.00543,0.005479,0.005502,0.005689,0.005872,0.006005,0.006247,0.006641,0.007181,0.007705,0.008356,0.009143,0.009828,0.0105,0.011208,0.011809,0.01227,0.012672,0.012876,0.012941,0.012703,0.012496,0.012377,0.012056,0.011703,0.011556,0.01153,0.011565,0.011834,0.012537,0.013304,0.013603,0.013533,0.013117,0.012577,0.012424,0.012443,0.012452,0.012371,0.012258,0.012161,0.011745,0.011468,0.011188,0.011136,0.010765,0.010698,0.010705,0.01058,0.010503,0.010562,0.010789,0.011068,0.011439,0.011817,0.012389,0.013214,0.014164,0.015423,0.016274,0.016034,0.015583,0.015369,0.015195,0.014951,0.014502,0.014183,0.013708,0.013211,0.012749,0.012197,0.011564,0.011039,0.010519,0.010029,0.009399,0.008998,0.008468,0.00802,0.085593,0.081426,0.07633,0.073921,0.071239,0.069037,0.067664,0.064999,0.063904,0.062581,0.061639,0.06159,0.060974,0.060213,0.059973,0.060058,0.060053,0.059357,0.059894,0.060138,0.062185,0.064181,0.065641,0.06828,0.072596,0.078497,0.084218,0.091334,0.099936,0.107434,0.114774,0.122511,0.129078,0.134121,0.138512,0.140745,0.141458,0.138855,0.136594,0.135289,0.131784,0.127923,0.126314,0.126038,0.126416,0.129355,0.137042,0.145423,0.14869,0.147933,0.143385,0.137478,0.135804,0.136018,0.136115,0.135223,0.133989,0.132931,0.128381,0.125355,0.122298,0.121728,0.117669,0.116935,0.11701,0.115647,0.114812,0.115447,0.11793,0.120981,0.125038,0.129172,0.135422,0.144441,0.154829,0.168589,0.177892,0.175271,0.170341,0.167996,0.166099,0.16343,0.158523,0.155027,0.149845,0.144405,0.139356,0.133326,0.1264,0.120664,0.114981,0.109625,0.10274,0.098353,0.092566,0.087663
6,mid,mid,sunday,0.03986,15,24161,2.6572,0.007904,0.007498,0.007221,0.006928,0.00658,0.006368,0.006237,0.006019,0.005887,0.005837,0.005713,0.005665,0.005581,0.005518,0.005488,0.005443,0.00538,0.00545,0.005496,0.005552,0.005642,0.005695,0.005818,0.006026,0.006452,0.00682,0.007324,0.007779,0.008304,0.008844,0.009431,0.010374,0.011165,0.011805,0.012302,0.012514,0.012874,0.013106,0.012982,0.012994,0.012934,0.012652,0.012486,0.012448,0.012546,0.012823,0.013206,0.013816,0.013878,0.013262,0.01267,0.012445,0.012092,0.012086,0.011894,0.011647,0.011417,0.011171,0.010871,0.010525,0.010381,0.010314,0.010088,0.010033,0.010045,0.010115,0.010205,0.010374,0.010589,0.010952,0.011272,0.011909,0.012468,0.01341,0.014691,0.015854,0.016535,0.016663,0.016182,0.015883,0.016077,0.01582,0.015481,0.0152,0.014511,0.013921,0.013275,0.012719,0.01205,0.011333,0.010552,0.009933,0.009294,0.008857,0.008287,0.00784,0.084007,0.079693,0.076754,0.073639,0.069936,0.067686,0.066295,0.063972,0.062572,0.062038,0.060726,0.060212,0.059319,0.058649,0.058327,0.057853,0.057179,0.057927,0.058417,0.059013,0.059969,0.060527,0.061836,0.064045,0.068577,0.072495,0.077847,0.082684,0.088265,0.094005,0.100247,0.110262,0.118676,0.12547,0.130755,0.133016,0.136833,0.139307,0.13799,0.138116,0.137477,0.134478,0.132711,0.132314,0.133353,0.136298,0.140362,0.146854,0.147506,0.140959,0.134665,0.132276,0.128525,0.128464,0.126426,0.123801,0.121355,0.118738,0.115545,0.11187,0.110344,0.109629,0.107222,0.106644,0.106772,0.107515,0.108469,0.110268,0.112555,0.116406,0.119805,0.126575,0.132525,0.142537,0.156151,0.168512,0.175751,0.177107,0.171998,0.168825,0.170882,0.168149,0.164551,0.161558,0.154238,0.147968,0.141098,0.135192,0.12808,0.120462,0.112159,0.105578,0.098786,0.094143,0.088081,0.08333
6,summer,summer,weekday,0.20225,85,295564,2.3795,0.008444,0.00807,0.007729,0.007428,0.007211,0.007002,0.006822,0.006688,0.006583,0.006455,0.006358,0.006276,0.006223,0.006154,0.006111,0.006096,0.00613,0.006113,0.006141,0.00621,0.006381,0.006474,0.006702,0.006944,0.007509,0.008188,0.008835,0.009559,0.010287,0.010773,0.010921,0.011106,0.011151,0.011155,0.010985,0.010824,0.01064,0.010412,0.010203,0.010024,0.00987,0.009769,0.009647,0.009691,0.009882,0.010258,0.011,0.011824,0.011941,0.011833,0.011607,0.011629,0.011564,0.01145,0.011486,0.011354,0.011189,0.010934,0.010761,0.010544,0.010411,0.010269,0.010131,0.010025,0.00996,0.009911,0.009977,0.010117,0.010211,0.010432,0.0108,0.011226,0.011746,0.012634,0.01386,0.015227,0.016119,0.016518,0.016535,0.016514,0.0166,0.016535,0.016494,0.016291,0.015826,0.015384,0.01489,0.014257,0.013577,0.012838,0.012136,0.011419,0.010723,0.010166,0.009602,0.009093,0.080368,0.076809,0.073565,0.070695,0.068629,0.066645,0.064932,0.063653,0.062652,0.061436,0.060514,0.059733,0.05923,0.058572,0.058159,0.058023,0.058339,0.058186,0.058447,0.059102,0.060729,0.061622,0.063788,0.066087,0.071467,0.077932,0.084091,0.090984,0.097905,0.102531,0.103947,0.105709,0.106128,0.106167,0.104553,0.103023,0.101266,0.099098,0.097106,0.095408,0.093938,0.092978,0.091821,0.092237,0.094053,0.09763,0.104699,0.112539,0.113648,0.112622,0.110476,0.11068,0.110066,0.108983,0.109325,0.108069,0.106497,0.104064,0.102421,0.100355,0.099087,0.097742,0.096426,0.095415,0.094799,0.094334,0.094956,0.096295,0.097189,0.099291,0.102797,0.106846,0.111795,0.120252,0.131918,0.144929,0.153414,0.157219,0.157372,0.157174,0.157991,0.157381,0.156988,0.155058,0.150624,0.14642,0.14172,0.135695,0.129219,0.12219,0.115505,0.108684,0.102058,0.096762,0.091392,0.086541
6,summer,summer,saturday,0.04247,17,60453,2.4982,0.008374,0.007983,0.007695,0.007359,0.007082,0.00687,0.006726,0.006547,0.006408,0.006263,0.006168,0.00607,0.00601,0.005928,0.005923,0.005872,0.00593,0.005901,0.005901,0.005955,0.006093,0.006177,0.00634,0.006503,0.006916,0.007417,0.00794,0.008506,0.009054,0.009716,0.010214,0.010805,0.0114,0.011803,0.012032,0.012131,0.012234,0.012069,0.01193,0.011898,0.011788,0.011614,0.011449,0.011375,0.011458,0.011826,0.012488,0.01325,0.013335,0.013082,0.012755,0.012436,0.012333,0.01226,0.012252,0.012235,0.012228,0.011995,0.011781,0.011613,0.011352,0.011213,0.011027,0.010779,0.010769,0.010743,0.010666,0.010627,0.010562,0.010622,0.010882,0.011239,0.011525,0.012041,0.012903,0.014003,0.01477,0.015099,0.014902,0.014675,0.01469,0.014585,0.014433,0.014224,0.013881,0.013436,0.013024,0.012539,0.012158,0.011698,0.011128,0.010664,0.010115,0.009595,0.009088,0.008646,0.083682,0.079772,0.076899,0.073539,0.070767,0.068648,0.067214,0.065427,0.064039,0.062582,0.061636,0.060658,0.060062,0.059235,0.059188,0.058682,0.059254,0.058973,0.058971,0.059505,0.060885,0.061725,0.063354,0.064982,0.069109,0.074123,0.079346,0.085,0.090472,0.097095,0.102063,0.107977,0.113922,0.117949,0.120233,0.121221,0.122256,0.120602,0.119217,0.118898,0.117799,0.116059,0.114409,0.113666,0.114505,0.118177,0.124796,0.132409,0.133252,0.130728,0.127465,0.124272,0.123246,0.122514,0.122434,0.12226,0.122193,0.119861,0.117724,0.116044,0.113438,0.112054,0.110193,0.107715,0.107613,0.107354,0.106586,0.106197,0.105542,0.10615,0.108747,0.112307,0.115173,0.120328,0.128935,0.139936,0.147599,0.150885,0.148913,0.146647,0.146801,0.145745,0.144225,0.142143,0.138717,0.134266,0.130154,0.125305,0.121491,0.116902,0.111202,0.106567,0.10108,0.095886,0.090818,0.086395
6,summer,summer,sunday,0.04882,20,68214,2.4408,0.008396,0.007986,0.007639,0.00734,0.007078,0.006885,0.006712,0.006571,0.00639,0.006269,0.006251,0.006177,0.006078,0.006023,0.005966,0.005972,0.005987,0.005983,0.005988,0.006002,0.006163,0.006197,0.006305,0.006485,0.006784,0.00719,0.007568,0.008109,0.008652,0.009298,0.009822,0.010355,0.011,0.011469,0.011885,0.012109,0.01226,0.012484,0.012523,0.012343,0.012121,0.0119,0.011637,0.011595,0.011631,0.01189,0.012442,0.013154,0.01302,0.012696,0.01222,0.01195,0.011659,0.011543,0.011389,0.011307,0.011158,0.01102,0.010894,0.010684,0.010638,0.010464,0.010302,0.010292,0.010273,0.010287,0.010293,0.010339,0.010475,0.01071,0.011058,0.01143,0.011878,0.012635,0.013662,0.014839,0.015524,0.015603,0.015592,0.015358,0.015366,0.015217,0.0151,0.014935,0.014734,0.014347,0.013928,0.013412,0.012793,0.012096,0.011505,0.01083,0.010169,0.009658,0.009065,0.008587,0.081968,0.07797,0.074581,0.071663,0.069105,0.067218,0.065528,0.064154,0.062391,0.061209,0.061028,0.060307,0.059344,0.0588,0.058249,0.058307,0.058454,0.05841,0.058467,0.058599,0.060175,0.060502,0.061555,0.063316,0.06623,0.070199,0.073892,0.079174,0.084473,0.090775,0.095899,0.101103,0.1074,0.111972,0.116041,0.118223,0.119699,0.121886,0.122261,0.120507,0.118344,0.116185,0.113616,0.113203,0.113554,0.116088,0.12147,0.128428,0.127113,0.123957,0.119302,0.116666,0.113829,0.112693,0.11119,0.110391,0.108934,0.107589,0.106356,0.104313,0.103861,0.10216,0.10058,0.100487,0.100299,0.100437,0.10049,0.100942,0.102271,0.104566,0.107964,0.11159,0.115964,0.12336,0.133384,0.144876,0.151567,0.152336,0.152224,0.149943,0.150025,0.148566,0.147428,0.145816,0.143848,0.140078,0.13598,0.130948,0.124897,0.1181,0.112325,0.105737,0.099283,0.094295,0.088499,0.083839
