scope,family,month,energy_kWh,tv_hourly,tv_mean_day
domestic,GSE,8,653011.4910449742,0.08017201524485358,0.07084892835829343
domestic,ARERA,8,653011.4910449742,0.05323150107366488,0.03679694142421883
domestic,DD_in,8,653011.4910449742,0.03928065591029935,0.013658461815631708
domestic,DD_cv,8,653011.4910449742,0.0402814790377994,0.015858983252043428
domestic,ACT_in,8,653011.4910449742,0.04260309727096015,0.020814843338808453
domestic,ACT_cv,8,653011.4910449742,0.04260256833341594,0.020809626427181413
domestic,GSE,6,392744.5188894548,0.04137242153754027,0.02749546360057769
domestic,ARERA,6,392744.5188894548,0.028698301513930234,0.01975143260104939
domestic,DD_in,6,392744.5188894548,0.023523972226565642,0.014049208179998812
domestic,DD_cv,6,392744.5188894548,0.021487123858628783,0.01038513205866718
domestic,ACT_in,6,392744.5188894548,0.02480722187722962,0.015887074070519557
domestic,ACT_cv,6,392744.5188894548,0.02480883280240921,0.015892466150001287
domestic,GSE,7,505563.4919819983,0.06045110337989272,0.05239277284024511
domestic,ARERA,7,505563.4919819983,0.0404936395771777,0.02949260012138899
domestic,DD_in,7,505563.4919819983,0.023090832288186744,0.003301938683228001
domestic,DD_cv,7,505563.4919819983,0.02323938528153994,0.003499116780114636
domestic,ACT_in,7,505563.4919819983,0.023534362782903495,0.0037343825645867797
domestic,ACT_cv,7,505563.4919819983,0.02353485970747643,0.0037354402957166695
domestic,GSE,12,633829.2710269768,0.0928430627822844,0.025726793587695432
domestic,ARERA,12,633829.2710269768,0.08162707653685576,0.007641750453924396
domestic,DD_in,12,633829.2710269768,0.07576459385210713,0.011420588411748549
domestic,DD_cv,12,633829.2710269768,0.07608936421441653,0.013157951998584104
domestic,ACT_in,12,633829.2710269768,0.07700922443513002,0.014005376276408105
domestic,ACT_cv,12,633829.2710269768,0.0770082087850129,0.01400823546366319
domestic,GSE,1,600263.8909737684,0.07678375096018036,0.016200807828004336
domestic,ARERA,1,600263.8909737684,0.06532652506131902,0.019290070227891313
domestic,DD_in,1,600263.8909737684,0.05430305243754885,0.005985889481305181
domestic,DD_cv,1,600263.8909737684,0.054455399221506176,0.0069092841890992
domestic,ACT_in,1,600263.8909737684,0.055015383584694016,0.007060715439484343
domestic,ACT_cv,1,600263.8909737684,0.05501496169364142,0.007058557572488801
domestic,GSE,3,463152.20589811075,0.061038142042773254,0.0384089605914163
domestic,ARERA,3,463152.20589811075,0.04016837055739924,0.02386343858046329
domestic,DD_in,3,463152.20589811075,0.031405937636022715,0.009997208581110709
domestic,DD_cv,3,463152.20589811075,0.031203322067825202,0.009590338217462743
domestic,ACT_in,3,463152.20589811075,0.031419901720253766,0.010096520341384585
domestic,ACT_cv,3,463152.20589811075,0.03141976701929397,0.010096905613805275
domestic,GSE,9,423304.34688602807,0.04890470073143971,0.03768620844035008
domestic,ARERA,9,423304.34688602807,0.040713047902678955,0.02020330298728438
domestic,DD_in,9,423304.34688602807,0.024845896196928403,0.012226021936614415
domestic,DD_cv,9,423304.34688602807,0.024815571662578452,0.012118842146587656
domestic,ACT_in,9,423304.34688602807,0.026512712810104318,0.015032193993848187
domestic,ACT_cv,9,423304.34688602807,0.026510843575660026,0.015036755693603136
domestic,GSE,10,423112.97085309296,0.04044978109201628,0.024982639516354536
domestic,ARERA,10,423112.97085309296,0.032178894697915156,0.017997285955165483
domestic,DD_in,10,423112.97085309296,0.02351071309332116,0.007764631173961024
domestic,DD_cv,10,423112.97085309296,0.02356694161864101,0.008822160305496169
domestic,ACT_in,10,423112.97085309296,0.02369102866283539,0.008184061546605339
domestic,ACT_cv,10,423112.97085309296,0.02368935748690726,0.008175394539362271
domestic,GSE,11,468990.5298916851,0.05158855594838008,0.025709939611459093
domestic,ARERA,11,468990.5298916851,0.03517469979614955,0.0205172532127428
domestic,DD_in,11,468990.5298916851,0.029287998246549048,0.007446808242628151
domestic,DD_cv,11,468990.5298916851,0.02887749462509581,0.005841727718356627
domestic,ACT_in,11,468990.5298916851,0.029377241854426923,0.007032670422370652
domestic,ACT_cv,11,468990.5298916851,0.02937600195534141,0.007023901041385212
non_domestic,GSE,1,57663.91806341894,0.11227603122173821,0.10670567753931176
non_domestic,DD_in,1,57663.91806341894,0.050440498949180415,0.010235926918711856
non_domestic,DD_cv,1,57663.91806341894,0.052150811554876296,0.020044100582384324
non_domestic,ACT_in,1,57663.91806341894,0.09165050978310453,0.06897344857321724
non_domestic,ACT_cv,1,57663.91806341894,0.09162828017077758,0.06895135923252228
non_domestic,GSE,3,40121.55604534107,0.08238236046471378,0.07069829363594711
non_domestic,DD_in,3,40121.55604534107,0.04987125085184901,0.016549697801528835
non_domestic,DD_cv,3,40121.55604534107,0.051701127091457515,0.02132775185594748
non_domestic,ACT_in,3,40121.55604534107,0.08838260458838564,0.07176204359910723
non_domestic,ACT_cv,3,40121.55604534107,0.08837878570860562,0.07176391827672146
non_domestic,GSE,6,24764.440095989965,0.08671254388608238,0.08552812287784048
non_domestic,DD_in,6,24764.440095989965,0.03530030770885291,0.030243067213478417
non_domestic,DD_cv,6,24764.440095989965,0.041217931244726086,0.035479927313661355
non_domestic,ACT_in,6,24764.440095989965,0.08738297980944858,0.0814686015706111
non_domestic,ACT_cv,6,24764.440095989965,0.08737459395934226,0.0814831621915312
non_domestic,GSE,7,28249.18658079405,0.09278821116016443,0.09090517627007519
non_domestic,DD_in,7,28249.18658079405,0.02850797352526166,0.01667836215490508
non_domestic,DD_cv,7,28249.18658079405,0.031493566341877256,0.019215939947792332
non_domestic,ACT_in,7,28249.18658079405,0.07280860602305463,0.06529671343186949
non_domestic,ACT_cv,7,28249.18658079405,0.07279382201639692,0.06527954104103342
non_domestic,GSE,8,31994.254587423056,0.05607861434040609,0.0541076506016107
non_domestic,DD_in,8,31994.254587423056,0.028747418290259168,0.01641511808628486
non_domestic,DD_cv,8,31994.254587423056,0.027312608887282555,0.014969893506990965
non_domestic,ACT_in,8,31994.254587423056,0.06265517713134595,0.05457223211046014
non_domestic,ACT_cv,8,31994.254587423056,0.06263043183355362,0.05454601381931475
non_domestic,GSE,9,28187.731074883137,0.10043834942679258,0.09901406053688667
non_domestic,DD_in,9,28187.731074883137,0.033225203220140664,0.027312402636050986
non_domestic,DD_cv,9,28187.731074883137,0.03947209207118614,0.03524009786349111
non_domestic,ACT_in,9,28187.731074883137,0.08541659057184887,0.0808940598675518
non_domestic,ACT_cv,9,28187.731074883137,0.08539645245910854,0.08087325131204648
non_domestic,GSE,10,30793.97605560266,0.09792765792601066,0.09721896487312476
non_domestic,DD_in,10,30793.97605560266,0.029628523337246623,0.020356434930057656
non_domestic,DD_cv,10,30793.97605560266,0.035721073600223766,0.027470398848758428
non_domestic,ACT_in,10,30793.97605560266,0.08633720908677026,0.07752521735115703
non_domestic,ACT_cv,10,30793.97605560266,0.08630304636077721,0.07750615663808876
non_domestic,GSE,11,38953.6660454825,0.11528954213782353,0.096575677653536
non_domestic,DD_in,11,38953.6660454825,0.0907985504411373,0.018374629271316043
non_domestic,DD_cv,11,38953.6660454825,0.09125685423418445,0.02517942257401321
non_domestic,ACT_in,11,38953.6660454825,0.11773496049531122,0.07323320262776108
non_domestic,ACT_cv,11,38953.6660454825,0.11771735140446578,0.073228168552944
non_domestic,GSE,12,56001.37654805486,0.11349125356939027,0.10347407670548708
non_domestic,DD_in,12,56001.37654805486,0.061521667882601105,0.013458823400850525
non_domestic,DD_cv,12,56001.37654805486,0.06264421133645856,0.02012409084468751
non_domestic,ACT_in,12,56001.37654805486,0.09377114230556403,0.06732899504411516
non_domestic,ACT_cv,12,56001.37654805486,0.0937504430718082,0.06731348863827213
