ddslp,national,source,setting,nrmse,total_variation,peak_hour_shift,par_ratio,pearson
DDSLP_1,ARERA 0-1.5 Non Residente,ARERA,S0_annual,0.8523958914376402,0.3737205663901215,4.0,1.1919318541210082,-0.27064996276948117
DDSLP_1,ARERA 0-1.5 Residente,ARERA,S0_annual,0.659456476379706,0.2963056851614841,3.0,0.8682907712240698,0.0838703308651948
DDSLP_1,ARERA 0-1.5 Tutti,ARERA,S0_annual,0.7608988431653725,0.3410633323129658,3.0,0.9968176437405311,-0.2048073298159915
DDSLP_1,ARERA 1.5-3 Non Residente,ARERA,S0_annual,0.7956747583169472,0.3495119481734874,3.0,1.5487119025641747,-0.12813197166734208
DDSLP_1,ARERA 1.5-3 Residente,ARERA,S0_annual,0.7506047065694847,0.3394869945202368,4.0,0.7994931661732544,-0.1760927314458366
DDSLP_1,ARERA 1.5-3 Tutti,ARERA,S0_annual,0.7492706615686188,0.33928744462884863,4.0,0.8580792361226024,-0.18139306752757856
DDSLP_1,ARERA 3-4.5 Non Residente,ARERA,S0_annual,0.7622165591755653,0.34415223554967217,3.0,0.870948399321704,-0.15254317643701534
DDSLP_1,ARERA 3-4.5 Residente,ARERA,S0_annual,0.7461565082956243,0.33732838667981857,4.0,0.8473485366788304,-0.10770004160363549
DDSLP_1,ARERA 3-4.5 Tutti,ARERA,S0_annual,0.7452507779829742,0.33667806855389687,4.0,0.8419263132600553,-0.11769227515858759
DDSLP_1,ARERA 4.5-6 Non Residente,ARERA,S0_annual,0.7281284676365914,0.3259725033232098,3.0,1.0250526923151964,-0.04073590228108396
DDSLP_1,ARERA 4.5-6 Residente,ARERA,S0_annual,0.6740369246581966,0.3045339635279189,4.0,0.8894401821354002,0.10513094902256434
DDSLP_1,ARERA 4.5-6 Tutti,ARERA,S0_annual,0.6775035811958392,0.30657692116722357,4.0,0.8788713094082667,0.07352195298503776
DDSLP_1,ARERA >6 Non Residente,ARERA,S0_annual,0.7148690128280245,0.32393078634709355,4.0,0.9687017336640821,-0.06350512173277062
DDSLP_1,ARERA >6 Residente,ARERA,S0_annual,0.6241393227122938,0.27442234391534814,3.0,0.9248701921140265,0.2878405758054585
DDSLP_1,ARERA >6 Tutti,ARERA,S0_annual,0.6410345487587409,0.28620744016577493,4.0,0.8707855944031846,0.20794193780892034
DDSLP_1,ARERA 0-1.5 Non Residente,ARERA,S1_monthly,0.7022619543772011,0.32247214142696595,-4.5,0.7615060119439881,-0.31408474135812076
DDSLP_1,ARERA 0-1.5 Residente,ARERA,S1_monthly,0.6383131879558288,0.28672932741445784,3.0,0.8106356891061465,0.10220921573711193
DDSLP_1,ARERA 0-1.5 Tutti,ARERA,S1_monthly,0.6720426863486175,0.3062015599890774,3.5,0.7462727279492471,-0.15032635132606187
DDSLP_1,ARERA 1.5-3 Non Residente,ARERA,S1_monthly,0.7321139949628338,0.33134239782663855,3.0,0.8298656749997292,-0.20839708513616215
DDSLP_1,ARERA 1.5-3 Residente,ARERA,S1_monthly,0.7400344977311434,0.3346673476516344,4.0,0.8186608033553973,-0.21675382138164045
DDSLP_1,ARERA 1.5-3 Tutti,ARERA,S1_monthly,0.7387569616303509,0.3339305696483443,3.5,0.8218165204996141,-0.21873017877030676
DDSLP_1,ARERA 3-4.5 Non Residente,ARERA,S1_monthly,0.7419334539932532,0.3354663372246468,3.5,0.8488800290536739,-0.1989963725015176
DDSLP_1,ARERA 3-4.5 Residente,ARERA,S1_monthly,0.7404745633325582,0.3352166027631564,4.0,0.8742267026031636,-0.16329484740022188
DDSLP_1,ARERA 3-4.5 Tutti,ARERA,S1_monthly,0.740287920985498,0.3351109212175587,4.0,0.8683436979219488,-0.16699291748626816
DDSLP_1,ARERA 4.5-6 Non Residente,ARERA,S1_monthly,0.6898426372975944,0.3149250467179541,3.0,0.796948024969869,-0.13628456444562037
DDSLP_1,ARERA 4.5-6 Residente,ARERA,S1_monthly,0.6628930301982925,0.3005202364034826,4.0,0.8186094620999563,0.025685474419931912
DDSLP_1,ARERA 4.5-6 Tutti,ARERA,S1_monthly,0.6665770225348593,0.3023858511176714,4.0,0.8098914503171782,-0.00031444845032095283
DDSLP_1,ARERA >6 Non Residente,ARERA,S1_monthly,0.6738245216018569,0.3115504065254111,4.0,0.7411927720372149,-0.1279470468228037
DDSLP_1,ARERA >6 Residente,ARERA,S1_monthly,0.5889598534684151,0.2697364040155239,3.5,0.7258987129546817,0.29077007582696557
DDSLP_1,ARERA >6 Tutti,ARERA,S1_monthly,0.6135736353455296,0.2819704042511654,4.0,0.7247382297613325,0.15692378889279945
DDSLP_1,GSE PDMM,GSE,S1_monthly,0.7242616989294692,0.326748192478049,3.5,0.7375109719626702,-0.24815417107746443
DDSLP_1,GSE PDMF,GSE,S1_monthly,0.5680926090780332,0.21035624711876658,0.0,1.2260451812913151,0.48565079417402585
DDSLP_1,GSE PAUM,GSE,S1_monthly,0.7884471771558916,0.3665779548166353,-3.5,0.6902419535207823,-0.6650900466259044
DDSLP_1,GSE PAUF,GSE,S1_monthly,0.6161892125975935,0.22557710121886648,0.0,1.127007570061547,0.3708883386385796
DDSLP_2,ARERA 0-1.5 Non Residente,ARERA,S0_annual,0.39397921540570585,0.14403967325101022,-11.0,2.1000630235968587,0.41092031000695123
DDSLP_2,ARERA 0-1.5 Residente,ARERA,S0_annual,0.2821961577831584,0.1114093501766366,-12.0,1.5298402639996447,0.126254661999729
DDSLP_2,ARERA 0-1.5 Tutti,ARERA,S0_annual,0.29548632592353336,0.11340258790865863,-12.0,1.7562915762765672,0.38824369001448805
DDSLP_2,ARERA 1.5-3 Non Residente,ARERA,S0_annual,0.40720739128393574,0.15132634604012024,-12.0,2.728673279042322,0.22650449907865278
DDSLP_2,ARERA 1.5-3 Residente,ARERA,S0_annual,0.3050223576025376,0.1222317073315847,-11.0,1.4086258623711347,0.29955219087523793
DDSLP_2,ARERA 1.5-3 Tutti,ARERA,S0_annual,0.2995663675229463,0.12080435448129628,-11.0,1.5118485749558381,0.30743882937660677
DDSLP_2,ARERA 3-4.5 Non Residente,ARERA,S0_annual,0.3396180779888733,0.13668305806604023,-12.0,1.5345227351317123,0.2579739986549585
DDSLP_2,ARERA 3-4.5 Residente,ARERA,S0_annual,0.33820094633728504,0.13569072012691058,-11.0,1.4929421710022193,0.23253147249512382
DDSLP_2,ARERA 3-4.5 Tutti,ARERA,S0_annual,0.33036807327110607,0.13296287943072466,-11.0,1.4833887633404632,0.24363422949223276
DDSLP_2,ARERA 4.5-6 Non Residente,ARERA,S0_annual,0.3508649211153907,0.1407685913222367,-12.0,1.8060388678487382,0.16319393679768865
DDSLP_2,ARERA 4.5-6 Residente,ARERA,S0_annual,0.3408305895968978,0.13479839056373905,-11.0,1.5671033807392292,0.07785304060931257
DDSLP_2,ARERA 4.5-6 Tutti,ARERA,S0_annual,0.3230873343252914,0.12871169783762224,-11.0,1.548482099045468,0.10856258802102826
DDSLP_2,ARERA >6 Non Residente,ARERA,S0_annual,0.29336905616421205,0.11654085737528101,-11.0,1.7067541946534643,0.3111377888512509
DDSLP_2,ARERA >6 Residente,ARERA,S0_annual,0.38524182517220756,0.15418534749659105,-12.0,1.6295274644857372,-0.06219928977512785
DDSLP_2,ARERA >6 Tutti,ARERA,S0_annual,0.341065997022063,0.1375763189529721,-11.0,1.5342358893793648,0.03768291418701091
DDSLP_2,ARERA 0-1.5 Non Residente,ARERA,S1_monthly,0.17951419404316835,0.07207142202179331,-2.5,1.2162497635899752,0.4612927549581711
DDSLP_2,ARERA 0-1.5 Residente,ARERA,S1_monthly,0.2558120709914566,0.10255072630825555,-12.0,1.278522003049978,0.11514069950278905
DDSLP_2,ARERA 0-1.5 Tutti,ARERA,S1_monthly,0.19043683749495438,0.07616783323887648,-11.0,1.1814348136622306,0.35702620427302256
DDSLP_2,ARERA 1.5-3 Non Residente,ARERA,S1_monthly,0.27142339478785976,0.11207569353684904,-12.0,1.300728756181438,0.3360377858786327
DDSLP_2,ARERA 1.5-3 Residente,ARERA,S1_monthly,0.2750951757237548,0.11306156983410817,-11.0,1.2897284920130176,0.36855463204500466
DDSLP_2,ARERA 1.5-3 Tutti,ARERA,S1_monthly,0.2727086825501191,0.1122807740508249,-11.5,1.29315977323887,0.36870396930340044
DDSLP_2,ARERA 3-4.5 Non Residente,ARERA,S1_monthly,0.29215486768204785,0.12161241049807099,-11.5,1.3371271269524676,0.32472219232241517
DDSLP_2,ARERA 3-4.5 Residente,ARERA,S1_monthly,0.303997450487474,0.12436086032044727,-11.0,1.376892490486414,0.3229322425327199
DDSLP_2,ARERA 3-4.5 Tutti,ARERA,S1_monthly,0.3021213021967001,0.12392517310771467,-11.0,1.36806237186819,0.32402820800745935
DDSLP_2,ARERA 4.5-6 Non Residente,ARERA,S1_monthly,0.23459898879708074,0.09659814075012783,-12.0,1.2602568339200464,0.3116291923430092
DDSLP_2,ARERA 4.5-6 Residente,ARERA,S1_monthly,0.26541983094554644,0.10496330562728973,-11.0,1.2969701684108408,0.22391327194480595
DDSLP_2,ARERA 4.5-6 Tutti,ARERA,S1_monthly,0.25807532747877804,0.1029304719634885,-11.0,1.2841104221971122,0.2413294749205764
DDSLP_2,ARERA >6 Non Residente,ARERA,S1_monthly,0.1805971109640372,0.07160101543516278,-11.0,1.1716900685613252,0.4626378119530168
DDSLP_2,ARERA >6 Residente,ARERA,S1_monthly,0.22187501763118644,0.09021820200703487,-11.5,1.152937215023564,0.12311371018472006
DDSLP_2,ARERA >6 Tutti,ARERA,S1_monthly,0.20048730138317356,0.07881402205199416,-11.0,1.150130141938238,0.255332620209898
DDSLP_2,GSE PDMM,GSE,S1_monthly,0.23838269875138196,0.09928772876001309,-11.0,1.164195151606776,0.37454252433042146
DDSLP_2,GSE PDMF,GSE,S1_monthly,0.21210107516096102,0.08846593561665989,-10.0,1.280123770009441,0.36902078426930324
DDSLP_2,GSE PAUM,GSE,S1_monthly,0.15422863471120288,0.06612006640469034,-6.0,1.085324829807779,0.7643196036279566
DDSLP_2,GSE PAUF,GSE,S1_monthly,0.14393632797725933,0.05237499846655836,-6.0,1.1765997490681028,0.6878387175056634
DDSLP_3,ARERA 0-1.5 Non Residente,ARERA,S0_annual,0.5707293922384322,0.2242026525899707,-10.0,1.2837404092056046,0.1781867391504871
DDSLP_3,ARERA 0-1.5 Residente,ARERA,S0_annual,0.41987825441425264,0.1630066848765712,-11.0,0.9351708708067422,0.4271659762207248
DDSLP_3,ARERA 0-1.5 Tutti,ARERA,S0_annual,0.4776003193475312,0.18815221065584256,-11.0,1.073597526112363,0.2886247053147244
DDSLP_3,ARERA 1.5-3 Non Residente,ARERA,S0_annual,0.3870059528833766,0.14321970697178882,-11.0,1.6680014420836873,0.6115218567719078
DDSLP_3,ARERA 1.5-3 Residente,ARERA,S0_annual,0.35132079202176325,0.1365177037104261,-10.0,0.8610741299948018,0.6446615905586524
DDSLP_3,ARERA 1.5-3 Tutti,ARERA,S0_annual,0.3412558114736326,0.13234616100848098,-10.0,0.924172792179636,0.668578548059135
DDSLP_3,ARERA 3-4.5 Non Residente,ARERA,S0_annual,0.3394969290631726,0.1289388465969918,-11.0,0.938033202717562,0.6772732279376259
DDSLP_3,ARERA 3-4.5 Residente,ARERA,S0_annual,0.34220735788687706,0.13075768292110398,-10.0,0.9126155605750077,0.6701632471052198
DDSLP_3,ARERA 3-4.5 Tutti,ARERA,S0_annual,0.33837438194577735,0.12934673424094922,-10.0,0.90677569037911,0.6773401823345565
DDSLP_3,ARERA 4.5-6 Non Residente,ARERA,S0_annual,0.3382854183714478,0.13271432036816352,-11.0,1.1040073793987422,0.6792507914101862
DDSLP_3,ARERA 4.5-6 Residente,ARERA,S0_annual,0.35983274516219443,0.14221305426640818,-10.0,0.9579493151648639,0.6246526938305454
DDSLP_3,ARERA 4.5-6 Tutti,ARERA,S0_annual,0.34828008506252794,0.1360499107572939,-10.0,0.9465663749802694,0.6512180364972717
DDSLP_3,ARERA >6 Non Residente,ARERA,S0_annual,0.35848538977294603,0.13983807124592085,-10.0,1.0433159879674279,0.6253317490180083
DDSLP_3,ARERA >6 Residente,ARERA,S0_annual,0.43007647765946977,0.1771998232570498,-11.0,0.9961083217816155,0.458808148158513
DDSLP_3,ARERA >6 Tutti,ARERA,S0_annual,0.3920121064255127,0.15797386921131784,-10.0,0.9378578577496444,0.53939874141632
DDSLP_3,ARERA 0-1.5 Non Residente,ARERA,S1_monthly,0.25517428622864985,0.10408637217873697,-1.0,0.8255076382930079,0.7696106969160157
DDSLP_3,ARERA 0-1.5 Residente,ARERA,S1_monthly,0.32709842871307054,0.14069403869723243,-1.5,0.8775936505467882,0.5236263105905933
DDSLP_3,ARERA 0-1.5 Tutti,ARERA,S1_monthly,0.26841175918161986,0.11344168599122534,-2.5,0.8120219211040497,0.7318286004348289
DDSLP_3,ARERA 1.5-3 Non Residente,ARERA,S1_monthly,0.23109675658771686,0.09511581254532142,-1.0,0.9021693015174251,0.7893450521361075
DDSLP_3,ARERA 1.5-3 Residente,ARERA,S1_monthly,0.248125797244697,0.10132110521915158,-1.0,0.8871629525423668,0.7621900904694054
DDSLP_3,ARERA 1.5-3 Tutti,ARERA,S1_monthly,0.2432799079203738,0.09948582469570821,-1.0,0.8911056140579091,0.7713467851849051
DDSLP_3,ARERA 3-4.5 Non Residente,ARERA,S1_monthly,0.2351507246891572,0.09480987300621116,-1.0,0.9206691877041007,0.7784165140566974
DDSLP_3,ARERA 3-4.5 Residente,ARERA,S1_monthly,0.2615468048783982,0.10591476119026252,-0.5,0.947595329219225,0.7300265028682797
DDSLP_3,ARERA 3-4.5 Tutti,ARERA,S1_monthly,0.25799383851516455,0.10450778840671832,-0.5,0.9410788735193116,0.7365523059951474
DDSLP_3,ARERA 4.5-6 Non Residente,ARERA,S1_monthly,0.2388712673613485,0.10219228776476551,-1.0,0.8658001460206471,0.7664244869206364
DDSLP_3,ARERA 4.5-6 Residente,ARERA,S1_monthly,0.29903928384708645,0.1284045211379923,-1.0,0.8864921242696421,0.6013842122233793
DDSLP_3,ARERA 4.5-6 Tutti,ARERA,S1_monthly,0.28693570130342216,0.12316817356869686,-1.0,0.8771649866777398,0.6345789024411231
DDSLP_3,ARERA >6 Non Residente,ARERA,S1_monthly,0.29266455621806675,0.12367213205773238,-1.0,0.8041456392551767,0.6067475767708365
DDSLP_3,ARERA >6 Residente,ARERA,S1_monthly,0.3745108523678973,0.16196903220754993,-1.0,0.7877110252577944,0.262169446228959
DDSLP_3,ARERA >6 Tutti,ARERA,S1_monthly,0.34573389649146175,0.14860613662027491,-1.0,0.7861656819749666,0.39194503952673376
DDSLP_3,GSE PDMM,GSE,S1_monthly,0.24623150761605853,0.10076976739676297,-1.0,0.799665377996077,0.7723153139615208
DDSLP_3,GSE PDMF,GSE,S1_monthly,0.23032346789687572,0.09084133457832874,-1.0,0.8454520803991316,0.7808514376574534
DDSLP_3,GSE PAUM,GSE,S1_monthly,0.25927755396741214,0.1047674897058927,4.5,0.7533470771712144,0.740319534443249
DDSLP_3,GSE PAUF,GSE,S1_monthly,0.23038826541357038,0.09145925082521712,-0.5,0.8838914603713776,0.7899282577602058
DDSLP_4,ARERA 0-1.5 Non Residente,ARERA,S0_annual,0.3877539021183613,0.1572896355048301,-1.0,1.3094541477590924,0.6034707208715342
DDSLP_4,ARERA 0-1.5 Residente,ARERA,S0_annual,0.4332823106128308,0.17261825764081606,-2.0,0.9539026479653671,0.3209734758275141
DDSLP_4,ARERA 0-1.5 Tutti,ARERA,S0_annual,0.34976130453462084,0.14198617327532354,-2.0,1.0951020342669417,0.6162876737646418
DDSLP_4,ARERA 1.5-3 Non Residente,ARERA,S0_annual,0.44428148314532273,0.16614896587430086,-2.0,1.7014120542923665,0.46048462150935965
DDSLP_4,ARERA 1.5-3 Residente,ARERA,S0_annual,0.403860456811577,0.15525606966092598,-1.0,0.8783217252991824,0.46758275795156223
DDSLP_4,ARERA 1.5-3 Tutti,ARERA,S0_annual,0.39371103421296166,0.15268434212409043,-1.0,0.9426842742409188,0.49348118419542236
DDSLP_4,ARERA 3-4.5 Non Residente,ARERA,S0_annual,0.4004677663406362,0.15539240734290727,-2.0,0.9568223133167177,0.5024083290957307
DDSLP_4,ARERA 3-4.5 Residente,ARERA,S0_annual,0.42639223863316494,0.1639883922161127,-1.0,0.9308955475226739,0.42622372256055147
DDSLP_4,ARERA 3-4.5 Tutti,ARERA,S0_annual,0.4174012268256123,0.16044960429220698,-1.0,0.9249387028245116,0.44506373798710364
DDSLP_4,ARERA 4.5-6 Non Residente,ARERA,S0_annual,0.4284402042606356,0.17215467124091222,-2.0,1.1261210068201506,0.4233424190558331
DDSLP_4,ARERA 4.5-6 Residente,ARERA,S0_annual,0.46585106652522035,0.18384858541182741,-1.0,0.9771373519836819,0.27917708699104765
DDSLP_4,ARERA 4.5-6 Tutti,ARERA,S0_annual,0.44486832163970386,0.17746647423332426,-1.0,0.9655264077993865,0.3292949668660653
DDSLP_4,ARERA >6 Non Residente,ARERA,S0_annual,0.3735079585945631,0.14754480101560113,-1.0,1.064213947049256,0.547178603205675
DDSLP_4,ARERA >6 Residente,ARERA,S0_annual,0.5453206855123872,0.21474691376111832,-2.0,1.016060695932629,0.05473090204720931
DDSLP_4,ARERA >6 Tutti,ARERA,S0_annual,0.4874094590506436,0.19264408424645552,-1.0,0.9566434561319772,0.19656671103987508
DDSLP_4,ARERA 0-1.5 Non Residente,ARERA,S1_monthly,0.20559281519417935,0.08834649065279629,0.0,0.9648021207813499,0.7549330298495834
DDSLP_4,ARERA 0-1.5 Residente,ARERA,S1_monthly,0.29385355253777273,0.1293715499900913,-2.0,1.0069980851233333,0.41521151168288756
DDSLP_4,ARERA 0-1.5 Tutti,ARERA,S1_monthly,0.22107362268891406,0.09781051800267228,-2.0,0.9396223410652261,0.6952878326782912
DDSLP_4,ARERA 1.5-3 Non Residente,ARERA,S1_monthly,0.21396187045103182,0.08686441124488783,-2.0,1.0275894381994672,0.7475826576130647
DDSLP_4,ARERA 1.5-3 Residente,ARERA,S1_monthly,0.21351846112168985,0.08738082565225506,-1.5,1.017172855190144,0.7585027028054657
DDSLP_4,ARERA 1.5-3 Tutti,ARERA,S1_monthly,0.21113471668137723,0.08647449524532297,-2.0,1.0200920748621418,0.7615357049791516
DDSLP_4,ARERA 3-4.5 Non Residente,ARERA,S1_monthly,0.21767650738401625,0.08834344391696737,-2.0,1.055102569646326,0.7541218674418394
DDSLP_4,ARERA 3-4.5 Residente,ARERA,S1_monthly,0.23359789296776992,0.09534773822737098,-1.0,1.086225409646884,0.7292647705515494
DDSLP_4,ARERA 3-4.5 Tutti,ARERA,S1_monthly,0.2310974445438174,0.09425878727110736,-1.0,1.0791356557281733,0.7333468925473386
DDSLP_4,ARERA 4.5-6 Non Residente,ARERA,S1_monthly,0.21059101224656168,0.09096472518526284,-2.0,0.998601065653712,0.72354226736609
DDSLP_4,ARERA 4.5-6 Residente,ARERA,S1_monthly,0.25952320492498737,0.11393178461959749,-1.5,1.0240166522150422,0.5920852619186298
DDSLP_4,ARERA 4.5-6 Tutti,ARERA,S1_monthly,0.24921968672835176,0.1095083116718616,-1.5,1.0142102898738015,0.6202894762306723
DDSLP_4,ARERA >6 Non Residente,ARERA,S1_monthly,0.2026930884221254,0.09138043643563659,-1.0,0.9269494258565989,0.7378166569551217
DDSLP_4,ARERA >6 Residente,ARERA,S1_monthly,0.31153346371148577,0.14460388390554435,-2.0,0.913869913401225,0.2737772817960934
DDSLP_4,ARERA >6 Tutti,ARERA,S1_monthly,0.2740600698718426,0.12716637758994354,-1.0,0.9108513182043402,0.45643729825873386
DDSLP_4,GSE PDMM,GSE,S1_monthly,0.20340716833404834,0.08369254232940625,-2.0,0.9191626962738986,0.7615848327964706
DDSLP_4,GSE PDMF,GSE,S1_monthly,0.17459171762779624,0.0691414158196205,-2.0,0.9285154257763257,0.8232220357223907
DDSLP_4,GSE PAUM,GSE,S1_monthly,0.12543103174262893,0.05289953487084978,1.0,0.8643308483490909,0.9303855703451959
DDSLP_4,GSE PAUF,GSE,S1_monthly,0.10749328635167331,0.04286325616844934,0.5,0.9463158665021144,0.935383753509987
DDSLP_5,ARERA 0-1.5 Non Residente,ARERA,S0_annual,1.0487886848214305,0.41169055527555043,-9.0,0.8962835736094189,-0.014113865183237876
DDSLP_5,ARERA 0-1.5 Residente,ARERA,S0_annual,1.0357844496421178,0.4355381966957791,-10.0,0.6529188331313607,-0.2065349725949007
DDSLP_5,ARERA 0-1.5 Tutti,ARERA,S0_annual,1.0243480448130093,0.41752554159708444,-10.0,0.7495657380744689,-0.07287854107905206
DDSLP_5,ARERA 1.5-3 Non Residente,ARERA,S0_annual,1.0307282499150916,0.4135186466919138,-10.0,1.1645674488205588,0.015569994150310146
DDSLP_5,ARERA 1.5-3 Residente,ARERA,S0_annual,0.991080129785254,0.4064879289790265,-9.0,0.6011858728136023,0.033046529196661255
DDSLP_5,ARERA 1.5-3 Tutti,ARERA,S0_annual,0.9904656379325464,0.4069907408905353,-9.0,0.6452401800765426,0.030528536942455862
DDSLP_5,ARERA 3-4.5 Non Residente,ARERA,S0_annual,1.0040461277737502,0.4089131034130393,-10.0,0.6549172598035203,0.022416248313874745
DDSLP_5,ARERA 3-4.5 Residente,ARERA,S0_annual,1.017124490793995,0.4170339376526869,-9.0,0.6371711368577209,-0.024090414467592955
DDSLP_5,ARERA 3-4.5 Tutti,ARERA,S0_annual,1.014012416037433,0.41620688650332555,-9.0,0.6330938485749336,-0.021899216892813822
DDSLP_5,ARERA 4.5-6 Non Residente,ARERA,S0_annual,1.012629951961432,0.41757503183844863,-10.0,0.7707973295870554,-0.006943522936058203
DDSLP_5,ARERA 4.5-6 Residente,ARERA,S0_annual,1.026571902379711,0.42901424535032995,-9.0,0.6688223174839287,-0.08079754794316554
DDSLP_5,ARERA 4.5-6 Tutti,ARERA,S0_annual,1.0198782770263883,0.42696977907566425,-9.0,0.6608749612788344,-0.07733884504987942
DDSLP_5,ARERA >6 Non Residente,ARERA,S0_annual,0.9735633944885715,0.4028890335123546,-9.0,0.7284237337967292,0.0818753351490629
DDSLP_5,ARERA >6 Residente,ARERA,S0_annual,1.0308552984575234,0.4348435450190326,-10.0,0.6954642230986409,-0.059402915039222896
DDSLP_5,ARERA >6 Tutti,ARERA,S0_annual,1.0073772851227365,0.4242723192080612,-9.0,0.6547948372223408,-0.0229206134269796
DDSLP_5,ARERA 0-1.5 Non Residente,ARERA,S1_monthly,0.9275755592915179,0.3984422608429687,-4.5,0.5246976782127616,0.16345901251682327
DDSLP_5,ARERA 0-1.5 Residente,ARERA,S1_monthly,1.0195586621347956,0.4345057682761971,-10.0,0.5554006591091322,-0.22990165748101674
DDSLP_5,ARERA 0-1.5 Tutti,ARERA,S1_monthly,0.9609533613445046,0.4126918251946176,-9.5,0.5118033558408571,-0.017387595218144824
DDSLP_5,ARERA 1.5-3 Non Residente,ARERA,S1_monthly,0.9790493113644945,0.4092286947467288,-10.0,0.5648178710389519,0.012684579079863674
DDSLP_5,ARERA 1.5-3 Residente,ARERA,S1_monthly,0.980623144635336,0.40702075145506633,-9.0,0.5608169227886941,0.020951856513372287
DDSLP_5,ARERA 1.5-3 Tutti,ARERA,S1_monthly,0.979615266873277,0.40721889310950604,-9.5,0.5622686388811242,0.021550475584542126
DDSLP_5,ARERA 3-4.5 Non Residente,ARERA,S1_monthly,0.9838694007156426,0.4071649657623523,-9.5,0.5802063449914179,0.01857935253875561
DDSLP_5,ARERA 3-4.5 Residente,ARERA,S1_monthly,1.008844052839165,0.4168662299250432,-9.0,0.5987840394835549,-0.04932440040833328
DDSLP_5,ARERA 3-4.5 Tutti,ARERA,S1_monthly,1.0061822016733055,0.4159163028175039,-9.0,0.5948399469243202,-0.04286030587006248
DDSLP_5,ARERA 4.5-6 Non Residente,ARERA,S1_monthly,0.9759366916063614,0.4145380169031032,-10.0,0.5451379234858338,-0.036540882304411354
DDSLP_5,ARERA 4.5-6 Residente,ARERA,S1_monthly,1.0127812312286628,0.4279790717957221,-9.0,0.5621870406646495,-0.15218664752129185
DDSLP_5,ARERA 4.5-6 Tutti,ARERA,S1_monthly,1.0063110528463475,0.4258396334655368,-9.0,0.5561351598891434,-0.1353320315072158
DDSLP_5,ARERA >6 Non Residente,ARERA,S1_monthly,0.9394963786061638,0.399950283250988,-9.0,0.5078661292715051,0.09890213019243665
DDSLP_5,ARERA >6 Residente,ARERA,S1_monthly,1.0011787721596335,0.43122636976176837,-9.5,0.4984175031170053,-0.2307341037392059
DDSLP_5,ARERA >6 Tutti,ARERA,S1_monthly,0.9806785932611942,0.4214762323926441,-9.0,0.4974583496197888,-0.1264323071746741
DDSLP_5,GSE PDMM,GSE,S1_monthly,0.9293278726691155,0.3881157454709091,-9.5,0.5048149661522203,0.17400892363671147
DDSLP_5,GSE PDMF,GSE,S1_monthly,0.5245727082804084,0.1755941115207904,-8.0,0.879213229318055,0.8305809712949207
DDSLP_5,GSE PAUM,GSE,S1_monthly,0.8444431709681157,0.356509685782781,-4.0,0.47045295034527296,0.5168251713759042
DDSLP_5,GSE PAUF,GSE,S1_monthly,0.4918672229921952,0.1541169531938984,-4.0,0.8627014561111146,0.8520512485071176
DDSLP_6,ARERA 0-1.5 Non Residente,ARERA,S0_annual,0.6091509791947881,0.23818038893267204,-1.0,1.448074370865545,-0.1123370482826018
DDSLP_6,ARERA 0-1.5 Residente,ARERA,S0_annual,0.37184268774401646,0.14851561941458677,-2.0,1.0548838072591724,0.38775923130838325
DDSLP_6,ARERA 0-1.5 Tutti,ARERA,S0_annual,0.49336988265461984,0.19694906076304772,-2.0,1.2110307123151183,0.02842076594231594
DDSLP_6,ARERA 1.5-3 Non Residente,ARERA,S0_annual,0.41104948055625534,0.1572477631606805,-2.0,1.881525362548049,0.47340719754968047
DDSLP_6,ARERA 1.5-3 Residente,ARERA,S0_annual,0.31664304686573175,0.12771557394787034,-1.0,0.9713018069069093,0.6067608431377366
DDSLP_6,ARERA 1.5-3 Tutti,ARERA,S0_annual,0.3149653696462359,0.12719751203194873,-1.0,1.042477844437973,0.6080172224463135
DDSLP_6,ARERA 3-4.5 Non Residente,ARERA,S0_annual,0.34784457632392085,0.1404056897410284,-2.0,1.0581125515218337,0.5520140467738258
DDSLP_6,ARERA 3-4.5 Residente,ARERA,S0_annual,0.3017724236751157,0.12211174040566297,-1.0,1.0294411504422019,0.6603588519556456
DDSLP_6,ARERA 3-4.5 Tutti,ARERA,S0_annual,0.30364415735331624,0.12334954121204764,-1.0,1.0228537077635889,0.6515238708582894
DDSLP_6,ARERA 4.5-6 Non Residente,ARERA,S0_annual,0.3345404397434465,0.13269637869270945,-2.0,1.2453333866330798,0.5834435069665802
DDSLP_6,ARERA 4.5-6 Residente,ARERA,S0_annual,0.27453375715278616,0.11210189912636735,-1.0,1.0805781620108428,0.7109773114040322
DDSLP_6,ARERA 4.5-6 Tutti,ARERA,S0_annual,0.27900222324037915,0.11384209855980604,-1.0,1.067738070799095,0.6955148337652552
DDSLP_6,ARERA >6 Non Residente,ARERA,S0_annual,0.3090677675469699,0.12608025409669898,-1.0,1.1768727789949365,0.619767045738345
DDSLP_6,ARERA >6 Residente,ARERA,S0_annual,0.2913135456175068,0.12342810437577834,-2.0,1.1236219729738401,0.6879587615645585
DDSLP_6,ARERA >6 Tutti,ARERA,S0_annual,0.2709979891324905,0.1118253669794409,-1.0,1.0579147603233319,0.7169147991426029
DDSLP_6,ARERA 0-1.5 Non Residente,ARERA,S1_monthly,0.22082530205221507,0.09108590450684156,3.5,0.9930727047092459,0.6498171293034166
DDSLP_6,ARERA 0-1.5 Residente,ARERA,S1_monthly,0.2562757821229757,0.10902672282063886,-1.5,1.057715360377521,0.5314723706610993
DDSLP_6,ARERA 0-1.5 Tutti,ARERA,S1_monthly,0.21189596106279573,0.08926494385190331,-1.0,0.9739433189516679,0.677151258438333
DDSLP_6,ARERA 1.5-3 Non Residente,ARERA,S1_monthly,0.2375459920001803,0.09865041856282258,-1.0,1.0834087117532674,0.6656588929242627
DDSLP_6,ARERA 1.5-3 Residente,ARERA,S1_monthly,0.21653481412680048,0.09134495900207079,-1.0,1.0683795717073188,0.7386640981052692
DDSLP_6,ARERA 1.5-3 Tutti,ARERA,S1_monthly,0.216655042808988,0.09152161439458131,-1.0,1.072589541276487,0.7341852911787958
DDSLP_6,ARERA 3-4.5 Non Residente,ARERA,S1_monthly,0.24392727348849977,0.10263598943879468,-1.0,1.1078010188737375,0.6726765758725374
DDSLP_6,ARERA 3-4.5 Residente,ARERA,S1_monthly,0.23642678605382805,0.09877669548010638,-1.0,1.1409324136991397,0.7119067280737515
DDSLP_6,ARERA 3-4.5 Tutti,ARERA,S1_monthly,0.2362180351456127,0.0989307312236496,-1.0,1.133219271776714,0.7096373588842618
DDSLP_6,ARERA 4.5-6 Non Residente,ARERA,S1_monthly,0.21990387753124127,0.09488038765442079,-1.0,1.0399252647501807,0.6595987292484234
DDSLP_6,ARERA 4.5-6 Residente,ARERA,S1_monthly,0.22832863720898597,0.09870114201304626,-1.0,1.067938016701125,0.6563639894589407
DDSLP_6,ARERA 4.5-6 Tutti,ARERA,S1_monthly,0.22405232904010577,0.09749171905060305,-1.0,1.0565178265114226,0.6632796268772212
DDSLP_6,ARERA >6 Non Residente,ARERA,S1_monthly,0.18624947283800874,0.08303706013709673,-1.0,0.9671315935391632,0.7665520983876609
DDSLP_6,ARERA >6 Residente,ARERA,S1_monthly,0.25106947056180084,0.11510936353815879,-1.0,0.946983109426165,0.5062653158063288
DDSLP_6,ARERA >6 Tutti,ARERA,S1_monthly,0.2245558074677655,0.10242522398965112,-1.0,0.9454811546690733,0.6204109438815928
DDSLP_6,GSE PDMM,GSE,S1_monthly,0.21257119644370714,0.08935551971085327,-1.0,0.9623553361978033,0.7092625777780517
DDSLP_6,GSE PDMF,GSE,S1_monthly,0.1981751722790967,0.07914704240662404,-1.0,0.9828382382773603,0.7508327249791328
DDSLP_6,GSE PAUM,GSE,S1_monthly,0.17522673921875792,0.06903951729560923,4.0,0.9012884237223041,0.8096251346530778
DDSLP_6,GSE PAUF,GSE,S1_monthly,0.15385897516184946,0.057868495010079984,1.0,1.0181006349685857,0.8480051120802793
