Tipologia;N_POD;PotMedia_kW;PotMediana_kW;PotMin_kW;PotMax_kW
DOMESTICI | USI DOMESTICI NON RE | Abitazioni private                 ;2541;3.49;3.0;1.0;25.0
DOMESTICI | USI DOMESTICI RESIDE | Abitazioni private                 ;1513;3.39;3.0;1.5;15.0
BASSA TENSIONE POTEN | BT CLIENTI LIBERI F3 | Servizi generali degli edifici per ;235;3.69;3.0;0.5;20.0
BASSA TENSIONE POTEN | BT CLIENTI LIBERI F3 | Servizi di alloggio di alberghi e s;56;20.97;16.9;1.0;78.0
BASSA TENSIONE ILLUM | BT I.P. liberi F3    | Servizi per la rete stradale (esclu;37;9.33;6.0;0.5;50.0
BASSA TENSIONE POTEN | BT CLIENTI LIBERI F3 | Attività degli organi legislativi e;23;5.76;4.0;1.5;20.0
BASSA TENSIONE POTEN | BT CLIENTI LIBERI F3 | Magazzinaggio e deposito non refrig;21;4.24;3.0;1.0;15.0
BASSA TENSIONE POTEN | BT CLIENTI LIBERI F3 | 2022Bar e altri esercizi simili sen;17;11.42;10.0;2.0;30.0
BASSA TENSIONE POTEN | BT CLIENTI LIBERI F3 | 2022Ristorazione con somministrazio;16;19.3;20.0;6.2;44.2
BT Utenze Ricarica P | BT Ric.Pubbl.Veicoli | Colonnine pubbliche di ricarica vei;13;13.75;11.0;1.5;52.7
BASSA TENSIONE POTEN | BT CLIENTI LIBERI F3 | Allevamento di animali             ;12;2.5;3.0;1.5;3.0
BASSA TENSIONE POTEN | BT CLIENTI LIBERI F3 | 2022Costruzione di edifici residenz;11;9.83;6.0;3.0;34.0
BASSA TENSIONE POTEN | BT CLIENTI LIBERI F3 | 2022Telecomunicazioni fisse        ;11;3.14;3.0;0.5;10.0
BASSA TENSIONE POTEN | BT CLIENTI LIBERI F3 | Commercio al dettaglio di altri pro;11;7.35;4.5;3.0;22.7
BASSA TENSIONE POTEN | BT CLIENTI LIBERI F3 | Commercio al dettaglio di articoli ;11;7.61;6.0;3.0;15.0
BASSA TENSIONE POTEN | BT CLIENTI LIBERI F3 | Amministrazione dello Stato e delle;10;4.66;3.8;1.5;10.0
BASSA TENSIONE POTEN | BT CLIENTI LIBERI F3 | Raccolta, trattamento e fornitura d;10;12.22;5.5;1.5;55.0
BASSA TENSIONE POTEN | BT CLIENTI LIBERI F3 | 2022Commercio al dettaglio di artic;9;3.17;3.0;1.5;6.0
BASSA TENSIONE POTEN | BT CLIENTI LIBERI F3 | Allevamento di bovini da latte     ;8;11.25;12.25;1.5;20.0
BASSA TENSIONE POTEN | BT CLIENTI LIBERI F3 | Attività delle organizzazioni relig;8;8.62;6.0;1.5;27.5
BASSA TENSIONE POTEN | BT CLIENTI LIBERI F3 | 2022Consulenza nel settore delle te;8;13.44;15.0;1.5;20.0
BASSA TENSIONE POTEN | BT CLIENTI LIBERI F3 | 2022ALTRE ATTIVITÀ DI SERVIZI PER L;8;3.38;3.0;1.5;6.0
BASSA TENSIONE POTEN | BT CLIENTI LIBERI F3 | 2022Amministrazione di condomini e ;8;4.86;4.0;1.5;10.4
BASSA TENSIONE POTEN | BT CLIENTI LIBERI F3 | 2022Fabbricazione di porte e finest;8;20.09;19.15;4.8;43.2
BASSA TENSIONE POTEN | BT CLIENTI LIBERI F3 | Attività di altre organizzazioni as;8;3.88;3.0;1.5;10.0
BASSA TENSIONE POTEN | BT CLIENTI LIBERI F3 | Trasporto di merci su strada e serv;8;4.62;4.5;1.5;10.0
BASSA TENSIONE POTEN | BT CLIENTI LIBERI F3 | 2022Minimercati ed altri esercizi n;7;14.22;15.0;6.0;20.2
BASSA TENSIONE POTEN | BT CLIENTI LIBERI F3 | 2022Riparazioni meccaniche di autov;6;10.78;8.95;6.0;19.78
BASSA TENSIONE POTEN | BT CLIENTI LIBERI F3 | Installazione di impianti geotermic;6;6.42;6.0;3.0;10.0
BASSA TENSIONE POTEN | BT CLIENTI LIBERI F3 | Coltivazioni agricole associate all;6;3.9;3.45;3.0;6.0
BASSA TENSIONE POTEN | BT CLIENTI LIBERI F3 | Attività di telecomunicazioni fisse;6;12.12;12.5;3.0;20.0
BASSA TENSIONE POTEN | BT CLIENTI LIBERI F3 | Attività sportive                  ;6;9.07;8.1;0.2;25.0
BASSA TENSIONE POTEN | BT CLIENTI LIBERI F3 | Attività di trasmissione radiofonic;6;1.75;1.5;1.5;3.0
BASSA TENSIONE POTEN | BT CLIENTI LIBERI F3 | Istruzione secondaria e post-second;5;13.46;15.0;2.8;20.0
BASSA TENSIONE POTEN | BT CLIENTI LIBERI F3 | 2022Servizi dei saloni di barbiere ;5;4.9;4.5;3.0;7.0
BASSA TENSIONE POTEN | BT CLIENTI LIBERI F3 | Coltivazione di colture agricole no;5;3.3;3.0;1.5;6.0
BASSA TENSIONE POTEN | BT CLIENTI LIBERI F3 | 2022Altre attività connesse alle te;5;3.8;1.5;1.5;10.0
BASSA TENSIONE POTEN | BT CLIENTI LIBERI F3 | 2022Aree di campeggio e aree attrez;5;7.82;9.2;0.0;15.0
BASSA TENSIONE POTEN | BT CLIENTI LIBERI F3 | Attività di servizi di intermediazi;4;3.0;3.0;3.0;3.0
DOMESTICI | USI DOMESTICI NON RE | Affitto e gestione di terreni per t;4;3.0;3.0;3.0;3.0
BASSA TENSIONE POTEN | BT CLIENTI LIBERI F3 | Raccolta di rifiuti non pericolosi ;4;11.62;12.5;4.0;17.5
BASSA TENSIONE POTEN | BT CLIENTI LIBERI F3 | 2022Altre attività di trasporti ter;4;4.88;6.0;1.5;6.0
BASSA TENSIONE POTEN | BT CLIENTI LIBERI F3 | 2022Gestione di impianti sportivi p;3;6.5;4.5;0.0;15.0
BASSA TENSIONE POTEN | BT CLIENTI LIBERI F3 | 2022Corsi sportivi e ricreativi    ;3;4.0;3.0;3.0;6.0
BASSA TENSIONE POTEN | BT CLIENTI LIBERI F3 | Fabbricazione di strutture metallic;3;34.73;24.8;15.0;64.4
BASSA TENSIONE POTEN | BT CLIENTI LIBERI F3 | Servizi veterinari                 ;3;6.33;6.0;3.0;10.0
BASSA TENSIONE POTEN | BT CLIENTI LIBERI F3 | Produzione di derivati del latte   ;3;45.41;52.4;22.1;61.74
BASSA TENSIONE POTEN | BT CLIENTI LIBERI F3 | Noleggio e leasing operativo di alt;3;11.1;10.0;3.3;20.0
BASSA TENSIONE POTEN | BT CLIENTI LIBERI F3 | Attività postali con obbligo di ser;3;2.93;3.0;2.8;3.0
BASSA TENSIONE POTEN | BT CLIENTI LIBERI F3 | Attività di somministrazione di bev;3;17.83;20.0;13.0;20.5
BASSA TENSIONE POTEN | BT CLIENTI LIBERI F3 | Attività di rivendita di telecomuni;3;16.67;15.0;15.0;20.0
BASSA TENSIONE POTEN | BT CLIENTI LIBERI F3 | Commercio al dettaglio di carburant;3;13.4;10.2;10.0;20.0
BASSA TENSIONE POTEN | BT CLIENTI LIBERI F3 | 2022Riparazione di carrozzerie di a;3;13.4;15.0;10.0;15.2
BASSA TENSIONE POTEN | BT CLIENTI LIBERI F3 | 2022Taglio e piallatura del legno  ;3;32.0;10.0;6.0;80.0
BASSA TENSIONE POTEN | BT CLIENTI LIBERI F3 | 2022Rifugi di montagna             ;3;13.5;19.0;0.0;21.5
BASSA TENSIONE POTEN | BT CLIENTI LIBERI F3 | Rivestimento di pavimenti e di pare;3;23.6;5.0;3.0;62.8
BASSA TENSIONE POTEN | BT CLIENTI LIBERI F3 | Affitto e gestione di terreni per t;3;3.0;3.0;3.0;3.0
BASSA TENSIONE POTEN | BT CLIENTI LIBERI F3 | Altre intermediazioni monetarie for;3;10.33;10.0;6.0;15.0
BASSA TENSIONE POTEN | BT CLIENTI LIBERI F3 | Servizi di alloggio in aziende agri;2;24.65;24.65;7.1;42.2
BASSA TENSIONE POTEN | BT CLIENTI LIBERI F3 | Raccolta dei rifiuti               ;2;11.75;11.75;1.5;22.0
BASSA TENSIONE POTEN | BT CLIENTI LIBERI F3 | Commercio al dettaglio non speciali;2;8.0;8.0;6.0;10.0
BASSA TENSIONE POTEN | BT CLIENTI LIBERI F3 | Commercio al dettaglio di prodotti ;2;4.5;4.5;3.0;6.0
BASSA TENSIONE POTEN | BT CLIENTI LIBERI F3 | Commercio al dettaglio di medicinal;2;7.25;7.25;4.5;10.0
BASSA TENSIONE POTEN | BT CLIENTI LIBERI F3 | Commercio al dettaglio di calzature;2;6.0;6.0;6.0;6.0
BASSA TENSIONE POTEN | BT CLIENTI LIBERI F3 | 2022Commercio al dettaglio di mobil;2;6.0;6.0;6.0;6.0
BASSA TENSIONE POTEN | BT CLIENTI LIBERI F3 | 2022Commercio al dettaglio di ogget;2;6.5;6.5;3.0;10.0
BASSA TENSIONE POTEN | BT CLIENTI LIBERI F3 | 2022Coltivazione di cereali (esclus;2;2.25;2.25;1.5;3.0
BASSA TENSIONE POTEN | BT CLIENTI LIBERI F3 | 2022Commercio al dettaglio di calza;2;4.5;4.5;3.0;6.0
BASSA TENSIONE POTEN | BT CLIENTI LIBERI F3 | 2022Attività degli studi di archite;2;4.5;4.5;4.5;4.5
BASSA TENSIONE POTEN | BT CLIENTI LIBERI F3 | 2022Altri servizi di prenotazione e;2;12.5;12.5;10.0;15.0
BASSA TENSIONE POTEN | BT CLIENTI LIBERI F3 | 2022Altre attività professionali n.;2;3.1;3.1;0.2;6.0
BASSA TENSIONE POTEN | BT CLIENTI LIBERI F3 | 2022Altre attività di pulizia speci;2;3.0;3.0;3.0;3.0
BASSA TENSIONE POTEN | BT CLIENTI LIBERI F3 | 2022Ordine pubblico e sicurezza naz;2;6.5;6.5;3.0;10.0
BASSA TENSIONE POTEN | BT CLIENTI LIBERI F3 | 2022Fabbricazione di altri prodotti;2;14.0;14.0;3.0;25.0
BASSA TENSIONE POTEN | BT CLIENTI LIBERI F3 | Produzione di prodotti di pasticcer;2;26.25;26.25;4.5;48.0
BASSA TENSIONE POTEN | BT CLIENTI LIBERI F3 | Produzione di pasti e piatti prepar;2;17.75;17.75;15.5;20.0
BASSA TENSIONE POTEN | BT CLIENTI LIBERI F3 | Tinteggiatura e posa in opera di ve;2;9.75;9.75;4.5;15.0
BASSA TENSIONE POTEN | BT CLIENTI LIBERI F3 | Utilizzo di aree forestali         ;2;8.0;8.0;6.0;10.0
BASSA TENSIONE POTEN | BT CLIENTI LIBERI F3 | Fabbricazione di prodotti in legno,;2;6.25;6.25;4.5;8.0
BASSA TENSIONE POTEN | BT CLIENTI LIBERI F3 | Altre attività di telecomunicazioni;2;10.0;10.0;10.0;10.0
BASSA TENSIONE POTEN | BT CLIENTI LIBERI F3 | Attività di ingegneria             ;2;4.5;4.5;3.0;6.0
BASSA TENSIONE POTEN | BT CLIENTI LIBERI F3 | Attività di organizzazioni associat;2;5.25;5.25;4.5;6.0
DOMESTICI | USI DOMESTICI NON RE | Affitto e gestione di beni immobili;2;3.0;3.0;3.0;3.0
BASSA TENSIONE POTEN | BT CLIENTI LIBERI F3 | Produzione di beni indifferenziati ;2;5.5;5.5;3.0;8.0
BASSA TENSIONE POTEN | BT CLIENTI LIBERI F3 | Preparazione del cantiere edile    ;2;3.0;3.0;3.0;3.0
BASSA TENSIONE POTEN | BT CLIENTI LIBERI F3 | Installazione di impianti di illumi;2;5.25;5.25;4.5;6.0
BASSA TENSIONE POTEN | BT CLIENTI LIBERI F3 | 2022Servizi degli istituti di belle;2;9.0;9.0;3.0;15.0
BASSA TENSIONE POTEN | BT CLIENTI LIBERI F3 | 2022Supermercati                   ;2;19.0;19.0;10.0;28.0
BASSA TENSIONE POTEN | BT CLIENTI LIBERI F3 | Altri servizi di supporto al traspo;2;4.5;4.5;4.5;4.5
BASSA TENSIONE POTEN | BT CLIENTI LIBERI F3 | 2022Ristoranti e attività di ristor;2;12.5;12.5;10.0;15.0
BASSA TENSIONE POTEN | BT CLIENTI LIBERI F3 | 2022Fabbricazione di utensileria ad;1;6.0;6.0;6.0;6.0
BASSA TENSIONE POTEN | BT CLIENTI LIBERI F3 | 2022Gelaterie e pasticcerie        ;1;15.0;15.0;15.0;15.0
BASSA TENSIONE POTEN | BT CLIENTI LIBERI F3 | 2022Altre attività dei servizi conn;1;10.0;10.0;10.0;10.0
BASSA TENSIONE POTEN | BT CLIENTI LIBERI F3 | 2022Altre attività di manutenzione ;1;10.0;10.0;10.0;10.0
BASSA TENSIONE POTEN | BT CLIENTI LIBERI F3 | 2022Altri servizi di istruzione n.c;1;3.0;3.0;3.0;3.0
BASSA TENSIONE POTEN | BT CLIENTI LIBERI F3 | 2022Altre attività professionali, s;1;6.0;6.0;6.0;6.0
BASSA TENSIONE POTEN | BT CLIENTI LIBERI F3 | 2022Confezione di articoli in pelli;1;3.0;3.0;3.0;3.0
BASSA TENSIONE POTEN | BT CLIENTI LIBERI F3 | 2022Confezione di altro abbigliamen;1;3.0;3.0;3.0;3.0
BASSA TENSIONE POTEN | BT CLIENTI LIBERI F3 | 2022Compravendita di beni immobili ;1;0.4;0.4;0.4;0.4
BASSA TENSIONE POTEN | BT CLIENTI LIBERI F3 | 2022Discount di alimentari         ;1;39.6;39.6;39.6;39.6
BASSA TENSIONE POTEN | BT CLIENTI LIBERI F3 | 2022Coltivazione di fiori in coltur;1;15.0;15.0;15.0;15.0
BASSA TENSIONE POTEN | BT CLIENTI LIBERI F3 | 2022Attività degli orti botanici, d;1;10.0;10.0;10.0;10.0
BASSA TENSIONE POTEN | BT CLIENTI LIBERI F3 | 2022Commercio al dettaglio di gener;1;6.0;6.0;6.0;6.0
BASSA TENSIONE POTEN | BT CLIENTI LIBERI F3 | 2022Commercio al dettaglio di prodo;1;6.0;6.0;6.0;6.0
BASSA TENSIONE POTEN | BT CLIENTI LIBERI F3 | 2022Commercio al dettaglio di sapon;1;10.0;10.0;10.0;10.0
BASSA TENSIONE POTEN | BT CLIENTI LIBERI F3 | 2022Commercio al dettaglio di utens;1;3.0;3.0;3.0;3.0
BASSA TENSIONE POTEN | BT CLIENTI LIBERI F3 | 2022Commercio all'ingrosso di compu;1;1.5;1.5;1.5;1.5
BASSA TENSIONE POTEN | BT CLIENTI LIBERI F3 | 2022Commercio all'ingrosso di prodo;1;1.5;1.5;1.5;1.5
BASSA TENSIONE POTEN | BT CLIENTI LIBERI F3 | 2022Noleggio di strutture ed attrez;1;3.0;3.0;3.0;3.0
BASSA TENSIONE POTEN | BT CLIENTI LIBERI F3 | 2022Gestioni di funicolari, ski-lif;1;0.0;0.0;0.0;0.0
BASSA TENSIONE POTEN | BT CLIENTI LIBERI F3 | Commercio al dettaglio di orologi e;1;3.0;3.0;3.0;3.0
BASSA TENSIONE POTEN | BT CLIENTI LIBERI F3 | Commercio al dettaglio di giochi e ;1;3.0;3.0;3.0;3.0
BASSA TENSIONE POTEN | BT CLIENTI LIBERI F3 | Commercio al dettaglio di fiori, pi;1;3.0;3.0;3.0;3.0
BASSA TENSIONE POTEN | BT CLIENTI LIBERI F3 | Commercio al dettaglio di apparecch;1;3.0;3.0;3.0;3.0
BASSA TENSIONE POTEN | BT CLIENTI LIBERI F3 | Commercio al dettaglio di bevande  ;1;4.5;4.5;4.5;4.5
BASSA TENSIONE POTEN | BT CLIENTI LIBERI F3 | Commercio al dettaglio di carne e d;1;10.0;10.0;10.0;10.0
BASSA TENSIONE POTEN | BT CLIENTI LIBERI F3 | Attività di servizi di catering per;1;5.0;5.0;5.0;5.0
BASSA TENSIONE POTEN | BT CLIENTI LIBERI F3 | Attività fotografiche fornite da fo;1;3.0;3.0;3.0;3.0
BASSA TENSIONE POTEN | BT CLIENTI LIBERI F3 | Commercio al dettaglio di giornali ;1;3.0;3.0;3.0;3.0
BASSA TENSIONE POTEN | BT CLIENTI LIBERI F3 | Commercio al dettaglio di libri    ;1;3.0;3.0;3.0;3.0
BASSA TENSIONE POTEN | BT CLIENTI LIBERI F3 | Attività generali di amministrazion;1;3.0;3.0;3.0;3.0
BASSA TENSIONE POTEN | BT CLIENTI LIBERI F3 | Attività odontoiatriche            ;1;4.5;4.5;4.5;4.5
BASSA TENSIONE POTEN | BT CLIENTI LIBERI F3 | Altri trasporti terrestri di passeg;1;1.0;1.0;1.0;1.0
BASSA TENSIONE POTEN | BT CLIENTI LIBERI F3 | Attività di agenzie di viaggio     ;1;3.0;3.0;3.0;3.0
BASSA TENSIONE POTEN | BT CLIENTI LIBERI F3 | Affitto e gestione di beni immobili;1;6.0;6.0;6.0;6.0
BASSA TENSIONE POTEN | BT CLIENTI LIBERI F3 | Altre attività creditizie          ;1;10.0;10.0;10.0;10.0
BASSA TENSIONE POTEN | BT CLIENTI LIBERI F3 | Allevamento di altri bovini e bufal;1;3.0;3.0;3.0;3.0
BASSA TENSIONE POTEN | BT CLIENTI LIBERI F3 | Altra stampa                       ;1;15.0;15.0;15.0;15.0
BASSA TENSIONE POTEN | BT CLIENTI LIBERI F3 | 2022Organizzazione di convegni e fi;1;3.0;3.0;3.0;3.0
BASSA TENSIONE POTEN | BT CLIENTI LIBERI F3 | 2022Servizi integrati di supporto p;1;6.0;6.0;6.0;6.0
BASSA TENSIONE POTEN | BT CLIENTI LIBERI F3 | 2022Servizi forniti da commercialis;1;3.0;3.0;3.0;3.0
BASSA TENSIONE POTEN | BT CLIENTI LIBERI F3 | 2022Servizi dei parrucchieri e di a;1;3.0;3.0;3.0;3.0
BASSA TENSIONE POTEN | BT CLIENTI LIBERI F3 | Altri lavori di costruzione special;1;3.0;3.0;3.0;3.0
BASSA TENSIONE POTEN | BT CLIENTI LIBERI F3 | Altri trasporti ferroviari di passe;1;15.0;15.0;15.0;15.0
BASSA TENSIONE POTEN | BT CLIENTI LIBERI F3 | Attività di assistenza sociale non ;1;20.0;20.0;20.0;20.0
BASSA TENSIONE POTEN | BT CLIENTI LIBERI F3 | Attività di ristoranti con servizio;1;12.4;12.4;12.4;12.4
BASSA TENSIONE POTEN | BT CLIENTI LIBERI F3 | Consulenza imprenditoriale e altre ;1;3.0;3.0;3.0;3.0
BASSA TENSIONE POTEN | BT CLIENTI LIBERI F3 | Estrazione di pietre ornamentali, c;1;25.0;25.0;25.0;25.0
BASSA TENSIONE POTEN | BT CLIENTI LIBERI F3 | Commercio all'ingrosso di altri pro;1;3.0;3.0;3.0;3.0
BASSA TENSIONE POTEN | BT CLIENTI LIBERI F3 | Commercio all'ingrosso di autoveico;1;3.4;3.4;3.4;3.4
BASSA TENSIONE POTEN | BT CLIENTI LIBERI F3 | Produzione di birra                ;1;31.2;31.2;31.2;31.2
BASSA TENSIONE POTEN | BT CLIENTI LIBERI F3 | Intonacatura                       ;1;15.0;15.0;15.0;15.0
BASSA TENSIONE POTEN | BT CLIENTI LIBERI F3 | Istruzione prescolastica           ;1;10.0;10.0;10.0;10.0
BASSA TENSIONE POTEN | BT CLIENTI LIBERI F3 | Fornitura di vapore e aria condizio;1;25.0;25.0;25.0;25.0
BASSA TENSIONE POTEN | BT CLIENTI LIBERI F3 | Installazione di apparecchiature pe;1;10.0;10.0;10.0;10.0
BASSA TENSIONE POTEN | BT CLIENTI LIBERI F3 | Installazione di impianti di spegni;1;3.0;3.0;3.0;3.0
BASSA TENSIONE POTEN | BT CLIENTI LIBERI F3 | Installazione di impianti elettrici;1;6.0;6.0;6.0;6.0
BASSA TENSIONE POTEN | BT CLIENTI LIBERI F3 | Installazione di impianti idraulici;1;6.0;6.0;6.0;6.0
BASSA TENSIONE POTEN | BT CLIENTI LIBERI F3 | Gestione di parcheggi e autorimesse;1;1.5;1.5;1.5;1.5
BASSA TENSIONE POTEN | BT CLIENTI LIBERI F3 | Elaborazione e supervisione di prog;1;3.0;3.0;3.0;3.0
BASSA TENSIONE POTEN | BT CLIENTI LIBERI F3 | Fabbricazione di altri prodotti in ;1;6.0;6.0;6.0;6.0
BASSA TENSIONE POTEN | BT CLIENTI LIBERI F3 | Fabbricazione di apparecchi per uso;1;6.0;6.0;6.0;6.0
BASSA TENSIONE POTEN | BT CLIENTI LIBERI F3 | Fabbricazione di materiali da costr;1;6.0;6.0;6.0;6.0
BASSA TENSIONE POTEN | BT CLIENTI LIBERI F3 | Fabbricazione di articoli da viaggi;1;0.0;0.0;0.0;0.0
BASSA TENSIONE POTEN | BT CLIENTI LIBERI F3 | Fabbricazione di serrature e cernie;1;35.0;35.0;35.0;35.0
BASSA TENSIONE POTEN | BT CLIENTI LIBERI F3 | Formazione sportiva e ricreativa   ;1;3.0;3.0;3.0;3.0
BASSA TENSIONE POTEN | BT CLIENTI LIBERI F3 | Commercio all'ingrosso di motocicli;1;30.0;30.0;30.0;30.0
BASSA TENSIONE POTEN | BT CLIENTI LIBERI F3 | Commercio all'ingrosso di bevande a;1;4.5;4.5;4.5;4.5
BASSA TENSIONE POTEN | BT CLIENTI LIBERI F3 | Edizione di software               ;1;1.5;1.5;1.5;1.5
BASSA TENSIONE POTEN | BT CLIENTI LIBERI F3 | Riproduzione delle piante          ;1;6.0;6.0;6.0;6.0
BASSA TENSIONE POTEN | BT CLIENTI LIBERI F3 | Produzione di pane e prodotti di pa;1;14.5;14.5;14.5;14.5
BASSA TENSIONE POTEN | BT CLIENTI LIBERI F3 | Riparazione e manutenzione di mobil;1;3.0;3.0;3.0;3.0
BASSA TENSIONE POTEN | BT CLIENTI LIBERI F3 | Sartoria e confezione su misura di ;1;3.0;3.0;3.0;3.0
BASSA TENSIONE POTEN | BT CLIENTI LIBERI F3 | Produzione di energia elettrica da ;1;3.0;3.0;3.0;3.0
BASSA TENSIONE POTEN | BT CLIENTI LIBERI F3 | Trasporto non di linea di passegger;1;3.0;3.0;3.0;3.0
BASSA TENSIONE POTEN | BT CLIENTI LIBERI F3 | Trasporto di merci su strada       ;1;6.0;6.0;6.0;6.0
BASSA TENSIONE POTEN | BT CLIENTI LIBERI F3 | Trasporto di linea di passeggeri su;1;6.0;6.0;6.0;6.0
BASSA TENSIONE POTEN | BT CLIENTI LIBERI F3 | Trasmissione di energia elettrica  ;1;4.8;4.8;4.8;4.8
BASSA TENSIONE POTEN | BT CLIENTI LIBERI F3 | Taglio e lavorazione di pietre e di;1;25.4;25.4;25.4;25.4
BASSA TENSIONE POTEN | BT CLIENTI LIBERI F3 | Telecomunicazioni                  ;1;3.0;3.0;3.0;3.0
DOMESTICI | USI DOMESTICI NON RE | Attività di servizi di intermediazi;1;3.0;3.0;3.0;3.0
DOMESTICI | USI DOMESTICI NON RE | Lavori di muratura                 ;1;3.0;3.0;3.0;3.0
