Tipologia;2024-02;2024-03;2024-04;2024-05;2024-06;2024-07;2024-08;2024-10;2024-11;2025-01;2025-03;2025-06;2025-07;2025-08;2025-09;2025-10;2025-11;2025-12;Media
BASSA TENSIONE POTEN | BT CLIENTI LIBERI F3 | Attività di rivendita di telecomuni;5469203.0;5760506.0;5594483.0;5838567.0;5130160.3;5508300.3;5619969.0;4790958.7;4671633.7;5145983.0;4963223.7;4754752.7;5053702.0;5190870.0;4683130.7;4767541.7;4637068.7;5011272.0;5143962.5
BASSA TENSIONE POTEN | BT CLIENTI LIBERI F3 | Produzione di pane e prodotti di pa;;;;;4138371.0;6779854.0;7973653.0;2492968.0;2287656.0;5986999.0;4970642.0;4517017.0;6392479.0;7344938.0;4939845.0;2795485.0;2185266.0;5149448.0;4853901.5
BASSA TENSIONE POTEN | BT CLIENTI LIBERI F3 | Commercio al dettaglio di carne e d;2080486.0;2514449.0;2484038.0;1726468.0;3705497.0;5120976.0;5111998.0;2709822.0;2894842.0;2675204.0;2877856.0;4513781.0;5338072.0;5248884.0;3935710.0;3196905.0;2883558.0;2772198.0;3432819.1
BASSA TENSIONE POTEN | BT CLIENTI LIBERI F3 | Altre attività di telecomunicazioni;;;;;2735356.0;3040856.5;3332343.0;2445668.5;2405159.0;2986427.5;2716391.0;2723868.0;3086873.0;3319739.0;2752537.5;2518028.0;2181205.5;2452767.0;2764087.1
BASSA TENSIONE POTEN | BT CLIENTI LIBERI F3 | Attività di telecomunicazioni fisse;1150024.5;1217757.5;1147704.2;2606160.5;2584230.5;2724938.7;2762182.7;2438014.2;2303642.7;2554175.5;2627745.5;3213898.7;3429464.3;3807144.0;3331428.8;3263411.0;3247541.7;3439223.3;2658260.5
BASSA TENSIONE POTEN | BT CLIENTI LIBERI F3 | Produzione di derivati del latte   ;1249903.0;1320093.5;1276424.0;1338303.0;2506434.7;3173284.3;3209404.0;2265337.0;1547668.0;3616341.0;3071853.7;2710170.3;3271214.3;3514312.0;2806983.3;2218951.3;1343342.7;2955028.0;2410836.0
BASSA TENSIONE POTEN | BT CLIENTI LIBERI F3 | Attività di somministrazione di bev;1511389.0;1793767.0;1842914.0;944588.5;3937611.3;4886623.0;4881682.7;170486.0;129495.3;2935194.0;2326849.3;2729287.7;3813367.7;3906300.3;2605697.0;280522.0;269754.0;2635168.3;2311149.8
BASSA TENSIONE POTEN | BT CLIENTI LIBERI F3 | 2022Commercio al dettaglio di prodo;;1415049.0;1477816.0;1709553.0;2697022.0;3243203.0;3284901.0;1981368.0;1515522.0;1524942.0;1687837.0;2761201.0;2834670.0;2783776.0;2146228.0;1806811.0;1558708.0;1497242.0;2113285.2
BASSA TENSIONE POTEN | BT CLIENTI LIBERI F3 | 2022Bar e altri esercizi simili sen;2156229.8;2335006.0;2235459.3;1269337.9;1962697.6;2691759.6;2951760.5;1149534.5;1205498.1;2332553.0;1935678.9;2121569.5;2764044.8;2726391.6;1641570.0;978113.2;742537.6;1738462.8;1941011.4
BASSA TENSIONE POTEN | BT CLIENTI LIBERI F3 | Fornitura di vapore e aria condizio;;;;;1216637.0;1587282.0;2276937.0;1466564.0;1401379.0;2083083.0;2175351.0;1255121.0;1784176.0;1866500.0;1683424.0;1334901.0;1698131.0;2025903.0;1703956.4
BASSA TENSIONE POTEN | BT CLIENTI LIBERI F3 | 2022Ristoranti e attività di ristor;1939745.0;2311416.0;562543.0;541963.0;1292046.0;2517393.5;3972173.5;492183.5;645163.5;2561306.0;1480194.5;1290221.5;2576090.5;3223374.0;922542.0;428189.5;850641.0;1829583.5;1635376.1
BASSA TENSIONE POTEN | BT CLIENTI LIBERI F3 | Servizi di alloggio in aziende agri;;;;83623.0;1184540.0;2210649.0;2448013.0;502885.5;543260.5;3530407.0;2053072.5;1101429.5;2435027.0;2455768.5;1325648.5;582935.0;852021.0;2560511.0;1591319.4
BASSA TENSIONE POTEN | BT CLIENTI LIBERI F3 | 2022Ristorazione con somministrazio;905828.0;1117703.5;1178613.8;1180653.9;2246244.7;2944704.3;2594967.6;610440.4;626701.1;1978439.4;1528377.1;1573366.2;2006510.8;2330800.2;1435631.1;818426.6;860746.4;1821925.6;1542226.7
BASSA TENSIONE POTEN | BT CLIENTI LIBERI F3 | Istruzione secondaria e post-second;1712283.0;1564794.0;1536301.2;1776140.0;1346655.4;1348386.0;1083171.2;1762554.8;1839004.4;1756595.2;1524239.6;1344448.6;1307299.4;1023748.4;1373578.8;1627468.4;1621699.0;1645897.4;1510792.5
BASSA TENSIONE POTEN | BT CLIENTI LIBERI F3 | Commercio all'ingrosso di autoveico;2073191.0;1735499.0;1318060.0;1044120.0;753825.0;761516.0;808423.0;1509416.0;2255180.0;2705562.0;1823907.0;749571.0;839447.0;863177.0;955811.0;1586948.0;2225280.0;2506920.0;1473102.9
BASSA TENSIONE POTEN | BT CLIENTI LIBERI F3 | Commercio al dettaglio di medicinal;2039989.0;2101527.0;1821694.0;1043628.5;1207345.5;1807061.5;1884110.5;1065976.0;1036676.5;1348528.0;1087443.5;1409665.0;1642087.0;1738749.5;1186495.5;1038966.0;1070663.0;1320823.5;1436190.5
BASSA TENSIONE POTEN | BT CLIENTI LIBERI F3 | 2022Minimercati ed altri esercizi n;1626731.7;1787548.0;1430566.2;1233947.6;1359511.0;1708549.4;1783935.1;1057777.3;915354.6;1074474.7;1083607.9;1458535.4;1564457.1;1625151.3;1322085.9;1108615.1;1008763.7;1162430.0;1350669.0
BASSA TENSIONE POTEN | BT CLIENTI LIBERI F3 | 2022Supermercati                   ;598148.0;642295.0;629351.0;654975.0;715643.0;897297.0;2100856.5;1495181.5;1388691.5;1343181.5;1401309.5;1710964.5;1878671.5;1882285.0;1543887.0;1401910.0;1294934.0;1317267.5;1272047.2
BASSA TENSIONE POTEN | BT CLIENTI LIBERI F3 | 2022Discount di alimentari         ;1069928.0;1166993.0;1124042.0;1210153.0;1302388.0;1645723.0;1677411.0;1173485.0;1031424.0;1070642.0;1126123.0;1516588.0;1589494.0;1585098.0;1264479.0;1134625.0;1041936.0;1038451.0;1264943.5
BASSA TENSIONE ILLUM | BT I.P. liberi F3    | Servizi per la rete stradale (esclu;1910929.4;1591786.3;1411514.8;1273349.0;1082963.7;1113645.6;1048012.5;1313947.9;1376869.4;1475077.4;1148452.7;838439.4;884012.9;987504.7;1075475.0;1227643.8;1302712.2;1476866.4;1252178.0
BASSA TENSIONE POTEN | BT CLIENTI LIBERI F3 | Allevamento di bovini da latte     ;1295304.6;1509686.0;1252670.8;1144888.4;1397826.7;1707170.7;1522613.4;982665.9;751982.6;858258.7;983636.9;1638967.4;1520142.1;1798711.8;1342730.2;1219999.1;701885.4;709067.0;1241011.5
BASSA TENSIONE POTEN | BT CLIENTI LIBERI F3 | 2022Gelaterie e pasticcerie        ;;98945.0;771743.0;763433.0;1663032.0;2222288.0;2607917.0;67756.0;;;30615.0;2207541.0;2085227.0;2071228.0;1221375.0;142.0;;;1216249.4
BASSA TENSIONE POTEN | BT CLIENTI LIBERI F3 | Altre intermediazioni monetarie for;941759.5;986350.5;1076411.0;1204121.7;1181703.7;1603659.7;1611979.7;996625.0;886065.7;922491.7;908747.7;1350507.7;1419766.7;1623197.3;915461.7;858725.3;849645.3;856112.7;1121851.8
BASSA TENSIONE POTEN | BT CLIENTI LIBERI F3 | 2022Riparazione di carrozzerie di a;859602.0;999295.3;857416.0;994276.3;740415.3;676039.0;729423.0;1177506.3;1192660.0;1278626.3;1238598.7;1342408.7;1517805.3;1356323.7;1208406.0;1191722.0;1124205.7;1256357.0;1096727.0
BASSA TENSIONE POTEN | BT CLIENTI LIBERI F3 | Produzione di pasti e piatti prepar;28805.0;28754.0;25551.0;51251.5;1192249.5;2230049.5;2722262.0;47399.5;145864.5;1852005.5;1474007.0;1491612.0;2484667.5;2814149.5;1178827.5;14512.0;67526.0;1488026.5;1074306.7
BASSA TENSIONE POTEN | BT CLIENTI LIBERI F3 | 2022Altre attività professionali, s;;;;;969073.0;1568277.0;1507547.0;757420.0;505795.0;1585742.0;1028169.0;1000420.0;1279668.0;1511062.0;923949.0;631097.0;498426.0;927103.0;1049553.4
BASSA TENSIONE POTEN | BT CLIENTI LIBERI F3 | Servizi di alloggio di alberghi e s;1722021.5;1447890.9;755811.2;639768.1;978265.8;1452617.0;1560135.2;499672.6;510345.9;1193147.7;815124.4;919962.9;1374660.1;1462964.3;857430.5;486785.9;467175.3;1066865.9;1011702.5
BASSA TENSIONE POTEN | BT CLIENTI LIBERI F3 | 2022Commercio al dettaglio di gener;;;;377711.0;1117770.0;1392051.0;1453835.0;360358.0;486332.0;1462907.0;1250493.0;980027.0;1329893.0;1407403.0;965986.0;363084.0;429234.0;1248732.0;975054.4
BASSA TENSIONE POTEN | BT CLIENTI LIBERI F3 | 2022Altri servizi di prenotazione e;;;;1291445.0;866683.0;831316.0;1020397.5;1120639.0;1017828.5;1186354.5;732437.0;589854.0;703314.0;947467.0;699960.0;688423.0;730474.5;1098680.5;901684.9
BASSA TENSIONE POTEN | BT CLIENTI LIBERI F3 | 2022Taglio e piallatura del legno  ;756399.7;743823.7;728167.3;782373.7;745116.0;881699.0;837806.0;822940.7;733626.3;683002.3;680605.0;772217.0;815436.3;834223.3;799597.7;878491.0;825238.0;868476.7;788291.1
BASSA TENSIONE POTEN | BT CLIENTI LIBERI F3 | Attività di assistenza sociale non ;857230.0;707320.0;710026.0;885417.0;566541.0;665426.0;614654.0;809714.0;853655.0;835130.0;763425.0;564670.0;718173.0;551317.0;828600.0;1099134.0;968878.0;1032091.0;779522.3
BASSA TENSIONE POTEN | BT CLIENTI LIBERI F3 | 2022Consulenza nel settore delle te;850944.7;896653.7;842146.3;840701.7;651309.4;704762.9;709620.0;700904.4;750165.1;856396.5;787606.0;721558.5;726047.4;761152.2;724408.0;793378.5;831179.6;848858.6;777655.2
BASSA TENSIONE POTEN | BT CLIENTI LIBERI F3 | 2022Altre attività connesse alle te;1466203.0;1581816.0;1521211.0;1557847.0;739078.7;750917.3;514745.0;527152.4;524591.8;550676.6;546174.6;486224.8;491169.6;496797.4;483660.8;510690.6;475935.4;481125.0;761445.4
BASSA TENSIONE POTEN | BT CLIENTI LIBERI F3 | 2022Altre attività di manutenzione ;838764.0;816214.0;753298.0;666858.0;664207.0;781567.0;755759.0;652733.0;831319.0;916767.0;833762.0;763644.0;718433.0;750427.0;690640.0;690082.0;749681.0;808222.0;760132.1
BASSA TENSIONE POTEN | BT CLIENTI LIBERI F3 | 2022Commercio al dettaglio di sapon;766697.0;778458.0;728927.0;761310.0;728116.0;756539.0;709699.0;814083.0;821843.0;794928.0;734240.0;673709.0;781392.0;732660.0;708549.0;760390.0;764901.0;854697.0;759507.7
BASSA TENSIONE POTEN | BT CLIENTI LIBERI F3 | Attività sportive                  ;1048623.0;823821.0;764849.7;725145.5;629470.2;819381.2;756212.5;910821.7;1053686.3;799458.8;643130.7;527353.7;628925.8;432541.7;554469.3;692237.7;859652.3;702247.2;742890.5
BASSA TENSIONE POTEN | BT CLIENTI LIBERI F3 | Attività di ingegneria             ;619030.0;785687.0;765265.5;732208.0;625358.5;741415.0;739850.0;757149.0;687609.5;692256.5;690829.5;574590.5;612023.5;625976.5;647059.5;732533.5;814883.5;785134.0;701603.3
BASSA TENSIONE POTEN | BT CLIENTI LIBERI F3 | Commercio al dettaglio di carburant;937052.0;600134.0;745132.7;689374.3;513716.7;621789.7;599447.0;1029473.0;705393.0;552901.3;466894.3;685320.0;706065.0;685368.3;640517.7;662394.0;831247.3;723823.0;688669.1
BASSA TENSIONE POTEN | BT CLIENTI LIBERI F3 | 2022Fabbricazione di utensileria ad;615375.0;533132.0;709272.0;629266.0;658478.0;815677.0;917317.0;975071.0;922087.0;744763.0;668780.0;217822.0;331865.0;469230.0;218179.0;375339.0;728308.0;1068721.0;644371.2
BASSA TENSIONE POTEN | BT CLIENTI LIBERI F3 | 2022Gestione di impianti sportivi p;;;;321432.7;681255.7;264228.7;610869.7;277072.7;552547.0;2077267.3;829113.7;150586.7;333982.3;514937.0;312576.7;253592.3;814653.3;1638344.0;642164.0
BASSA TENSIONE POTEN | BT CLIENTI LIBERI F3 | Commercio al dettaglio non speciali;;;;7924.0;745445.5;1068714.0;1076627.0;538448.0;441831.5;1083393.0;608906.0;504776.5;898679.0;978188.5;249835.0;178907.0;245045.5;826405.5;630208.4
BASSA TENSIONE POTEN | BT CLIENTI LIBERI F3 | 2022Altre attività dei servizi conn;10553.0;25953.0;163882.0;160288.0;103936.0;30980.0;611.0;26759.0;15094.0;185318.0;507225.0;1872818.0;1670008.0;1610486.0;1258305.0;980657.0;950364.0;1179071.0;597350.4
BASSA TENSIONE POTEN | BT CLIENTI LIBERI F3 | Noleggio e leasing operativo di alt;;;;;472397.0;694823.3;666771.7;193641.0;170057.3;1392011.0;1183132.7;369618.7;481689.3;587573.0;283726.7;199539.0;252855.7;1243095.7;585066.6
BASSA TENSIONE POTEN | BT CLIENTI LIBERI F3 | Intonacatura                       ;323162.0;349340.0;324824.0;421201.0;437853.0;699658.0;294411.0;1319826.0;788221.0;822495.0;780481.0;402159.0;589579.0;175042.0;891421.0;795448.0;518683.0;488245.0;579002.7
BASSA TENSIONE POTEN | BT CLIENTI LIBERI F3 | Commercio al dettaglio di articoli ;158913.5;158600.0;178014.0;192734.7;558772.9;952893.1;1015025.3;165309.9;281078.1;1081382.6;811033.5;592523.9;870418.2;926726.3;523842.0;188085.4;265912.5;842365.3;542424.0
BASSA TENSIONE POTEN | BT CLIENTI LIBERI F3 | 2022Attività degli orti botanici, d;;;;879084.0;766620.0;1039576.0;743998.0;858215.0;31876.0;33860.0;34602.0;314490.0;816626.0;892653.0;804881.0;685056.0;161154.0;38258.0;540063.3
BASSA TENSIONE POTEN | BT CLIENTI LIBERI F3 | Fabbricazione di strutture metallic;776911.0;539433.3;502965.7;508801.3;400143.7;473364.0;340304.0;543952.0;560376.3;507256.0;576215.7;456171.7;597652.3;506300.3;534411.7;642402.3;675340.7;567687.0;539427.2
BASSA TENSIONE POTEN | BT CLIENTI LIBERI F3 | 2022Fabbricazione di altri prodotti;686319.0;731679.5;620680.0;622400.0;428593.5;475600.5;452096.5;613304.5;538092.0;538216.5;620360.0;535526.5;501409.5;684724.5;263866.0;583267.0;156441.5;393909.0;524804.8
BASSA TENSIONE POTEN | BT CLIENTI LIBERI F3 | 2022Telecomunicazioni fisse        ;251891.0;139398.0;136934.0;141598.0;587904.6;615186.2;577099.2;559569.4;561145.5;596581.2;591036.2;565975.6;581158.7;589161.2;572238.8;635317.5;612995.0;639361.8;497475.1
BASSA TENSIONE POTEN | BT CLIENTI LIBERI F3 | Riproduzione delle piante          ;210507.0;954023.0;904038.0;476787.0;363513.0;327201.0;303093.0;381950.0;509509.0;142976.0;1085258.0;356778.0;323617.0;318758.0;301080.0;442286.0;536722.0;654522.0;477367.7
BASSA TENSIONE POTEN | BT CLIENTI LIBERI F3 | 2022Ordine pubblico e sicurezza naz;711478.0;700305.0;604423.0;607314.0;371472.0;396457.0;377770.0;419937.5;405550.5;454267.5;407077.5;368356.0;365324.0;357822.0;342631.0;408121.0;600851.5;617723.5;473160.1
BASSA TENSIONE POTEN | BT CLIENTI LIBERI F3 | Installazione di apparecchiature pe;;449237.0;406286.0;472841.0;463268.0;644850.0;743167.0;680704.0;405029.0;367289.0;299020.0;496252.0;403356.0;423438.0;400327.0;366056.0;420347.0;494328.0;466811.5
BASSA TENSIONE POTEN | BT CLIENTI LIBERI F3 | 2022Riparazioni meccaniche di autov;314410.8;467290.0;422346.8;418105.0;382326.5;456641.7;438194.2;455994.8;539582.3;674675.7;501003.7;428437.5;433264.2;444673.2;419709.3;463842.0;554847.2;576396.0;466207.8
BASSA TENSIONE POTEN | BT CLIENTI LIBERI F3 | Attività degli organi legislativi e;1348907.0;778621.8;500775.5;308788.4;308202.4;336810.7;400297.7;348707.0;465034.0;570260.0;503536.8;288887.4;328406.0;338256.5;290818.3;339317.4;421553.2;510326.3;465972.6
BASSA TENSIONE POTEN | BT CLIENTI LIBERI F3 | Attività di organizzazioni associat;461424.5;451683.0;485303.5;461466.5;362404.0;361455.0;308961.5;440576.5;669596.0;859600.5;597445.0;320359.5;278160.5;295079.5;297366.5;341990.0;497080.0;659265.0;452734.3
BASSA TENSIONE POTEN | BT CLIENTI LIBERI F3 | Attività delle organizzazioni relig;743937.3;734932.0;648610.0;619258.2;547523.2;610511.8;263020.4;331252.1;361919.9;445647.5;346124.4;259241.0;451682.9;219610.0;283672.9;416148.5;340571.8;385289.2;444941.8
BASSA TENSIONE POTEN | BT CLIENTI LIBERI F3 | Installazione di impianti di illumi;418498.5;449582.5;454535.5;429392.0;413736.5;438788.0;409295.0;405544.0;444825.0;549674.0;484842.5;447059.0;422094.0;410637.5;375914.5;408223.5;440549.0;471473.0;437481.3
BASSA TENSIONE POTEN | BT CLIENTI LIBERI F3 | Produzione di prodotti di pasticcer;477258.0;484060.0;440071.0;176347.5;344813.5;580925.0;663636.5;195603.0;226045.5;634333.0;551605.0;355018.5;664634.0;719762.5;420445.5;191484.5;204160.5;363847.0;427447.2
BASSA TENSIONE POTEN | BT CLIENTI LIBERI F3 | Commercio al dettaglio di calzature;;;;26899.0;382308.0;672594.0;711122.0;123270.0;151690.5;652976.0;514625.0;396743.5;596718.5;800605.5;377354.0;127416.0;184930.0;584232.5;420232.3
BASSA TENSIONE POTEN | BT CLIENTI LIBERI F3 | Attività postali con obbligo di ser;273217.5;312688.0;275255.5;482306.0;361749.3;363810.7;329685.0;373270.3;450356.0;500358.0;678124.7;357410.7;359691.3;315125.7;421175.7;504927.3;327859.3;709868.3;410937.7
BASSA TENSIONE POTEN | BT CLIENTI LIBERI F3 | Istruzione prescolastica           ;;;;480923.0;374051.0;372513.0;393533.0;445414.0;343188.0;368713.0;333898.0;395069.0;470929.0;519144.0;168837.0;535216.0;471402.0;472106.0;409662.4
BASSA TENSIONE POTEN | BT CLIENTI LIBERI F3 | Installazione di impianti geotermic;455322.2;440321.5;423560.2;369648.0;357330.6;370018.0;363136.5;398727.0;440919.3;514049.7;439627.0;356436.2;365372.5;383388.5;376967.3;402893.5;428310.2;487033.7;409614.6
BASSA TENSIONE POTEN | BT CLIENTI LIBERI F3 | Attività di trasmissione radiofonic;463050.0;495319.0;486487.0;516783.0;343308.0;368982.8;382646.8;376400.3;358821.0;375661.8;378458.2;365818.5;381779.7;393355.0;379685.2;393177.7;374848.0;396165.8;401708.2
BASSA TENSIONE POTEN | BT CLIENTI LIBERI F3 | Raccolta, trattamento e fornitura d;229380.2;256383.5;256723.5;283096.0;294988.3;325304.0;388149.0;299044.8;298255.8;672769.1;952501.8;318615.2;435272.5;458409.7;419788.9;368734.1;268226.7;693958.0;401089.0
BASSA TENSIONE POTEN | BT CLIENTI LIBERI F3 | Amministrazione dello Stato e delle;343919.8;358773.7;341395.0;356473.3;338216.1;356720.5;422901.6;476409.5;439078.3;560064.5;416021.7;382217.3;399133.4;368514.6;384286.2;385222.4;406434.2;445949.2;398985.1
BASSA TENSIONE POTEN | BT CLIENTI LIBERI F3 | Fabbricazione di altri prodotti in ;497490.0;448191.0;362619.0;391316.0;299959.0;257113.0;315697.0;406159.0;448651.0;535871.0;340805.0;237547.0;260829.0;266867.0;356481.0;339211.0;371458.0;562384.0;372147.1
BASSA TENSIONE POTEN | BT CLIENTI LIBERI F3 | 2022Fabbricazione di porte e finest;496684.7;404557.9;392250.3;366812.1;328513.0;286121.8;308931.2;346376.9;389850.9;470983.6;348587.8;333865.8;355852.1;334623.6;342475.2;368684.2;408842.6;407609.5;371756.8
BASSA TENSIONE POTEN | BT CLIENTI LIBERI F3 | Fabbricazione di materiali da costr;338660.0;368870.0;326673.0;332682.0;319011.0;333893.0;346675.0;356487.0;386758.0;386833.0;359910.0;332942.0;343563.0;351281.0;351571.0;343802.0;347888.0;376543.0;350224.6
BASSA TENSIONE POTEN | BT CLIENTI LIBERI F3 | Commercio all'ingrosso di bevande a;187878.0;118517.0;174828.0;207452.0;298707.0;497400.0;538208.0;187142.0;324655.0;136421.0;207700.0;443091.0;935022.0;849537.0;394228.0;248695.0;255100.0;238447.0;346834.9
BASSA TENSIONE POTEN | BT CLIENTI LIBERI F3 | Affitto e gestione di beni immobili;376945.0;314428.0;242471.0;239958.0;165208.0;206344.0;288497.0;341646.0;434260.0;393754.0;333683.0;236160.0;210902.0;282066.0;310625.0;337428.0;448125.0;762307.0;329155.9
BASSA TENSIONE POTEN | BT CLIENTI LIBERI F3 | 2022Costruzione di edifici residenz;332829.8;496588.6;462118.9;484251.9;427121.2;540512.6;516872.3;256846.0;269153.5;281583.2;357352.4;158487.5;201602.0;142271.0;202052.8;240158.6;275248.9;206946.5;325111.0
BASSA TENSIONE POTEN | BT CLIENTI LIBERI F3 | 2022Commercio al dettaglio di calza;;381470.0;370929.0;214924.5;289027.5;431490.5;458757.5;230328.0;216216.5;398621.0;318449.5;256443.0;431147.5;456305.0;263574.5;191145.0;192977.5;348719.5;320619.2
BASSA TENSIONE POTEN | BT CLIENTI LIBERI F3 | Altri trasporti ferroviari di passe;;;;;242996.0;445894.0;518905.0;182278.0;98657.0;418104.0;322701.0;271692.0;478530.0;549357.0;435491.0;124878.0;67204.0;317659.0;319596.1
BASSA TENSIONE POTEN | BT CLIENTI LIBERI F3 | Commercio all'ingrosso di motocicli;216482.0;214043.0;241317.0;220749.0;257345.0;317765.0;338992.0;208264.0;322836.0;514690.0;370590.0;275239.0;310413.0;257321.0;204238.0;308411.0;386058.0;394153.0;297717.0
BASSA TENSIONE POTEN | BT CLIENTI LIBERI F3 | Altri servizi di supporto al traspo;319612.5;353031.0;315849.0;287264.5;275562.0;302719.5;299855.5;291797.5;286990.0;285004.5;261501.5;275178.5;292119.0;296591.0;273384.0;285567.5;284644.0;292943.5;293311.9
BASSA TENSIONE POTEN | BT CLIENTI LIBERI F3 | Altre attività creditizie          ;;;;;304967.0;239500.0;241397.0;326682.0;330340.0;353107.0;335709.0;256419.0;233191.0;233627.0;239790.0;327387.0;325150.0;338185.0;291817.9
BASSA TENSIONE POTEN | BT CLIENTI LIBERI F3 | Telecomunicazioni                  ;;;;;;;293747.0;284056.0;270788.0;279193.0;280970.0;285220.0;292090.0;293370.0;278320.0;282737.0;270741.0;279426.0;282554.8
BASSA TENSIONE POTEN | BT CLIENTI LIBERI F3 | Commercio al dettaglio di giornali ;241897.0;269592.0;217766.0;278727.0;259823.0;296298.0;316363.0;289494.0;267413.0;304428.0;255508.0;259157.0;309547.0;311909.0;266916.0;257107.0;285057.0;303960.0;277275.7
BASSA TENSIONE POTEN | BT CLIENTI LIBERI F3 | Raccolta di rifiuti non pericolosi ;550354.0;206482.7;143194.3;133277.7;143504.8;136819.8;142026.2;169623.2;482871.0;837536.0;372269.5;170602.5;153366.2;147106.0;139393.8;160212.8;303703.5;579149.0;276194.1
BASSA TENSIONE POTEN | BT CLIENTI LIBERI F3 | 2022Altre attività di trasporti ter;391431.0;365637.0;304621.5;297123.7;213996.8;218425.0;210346.5;246741.2;304585.5;319877.8;295221.5;236228.0;245838.0;237063.2;225075.8;250588.0;280318.8;316856.5;275554.2
BASSA TENSIONE POTEN | BT CLIENTI LIBERI F3 | 2022Rifugi di montagna             ;;;;;300045.0;462066.5;448602.0;102371.7;56121.3;281406.7;223946.0;268365.3;417693.7;450693.0;286021.7;114230.3;66484.7;253492.7;266538.6
BASSA TENSIONE POTEN | BT CLIENTI LIBERI F3 | Commercio al dettaglio di altri pro;125136.5;316484.7;313231.0;131981.1;181750.2;269027.8;294376.3;148481.0;174759.5;629182.6;454889.9;186370.7;252652.2;311425.1;201900.3;158478.7;146672.1;463911.0;264483.9
BASSA TENSIONE POTEN | BT CLIENTI LIBERI F3 | Commercio al dettaglio di bevande  ;212783.0;231056.0;225893.0;254750.0;291826.0;408701.0;386957.0;226679.0;208498.0;186106.0;196214.0;309844.0;360481.0;364814.0;276356.0;222316.0;197425.0;198513.0;264400.7
BASSA TENSIONE POTEN | BT CLIENTI LIBERI F3 | 2022Servizi dei saloni di barbiere ;246664.2;224877.8;201067.0;227645.6;203483.6;321406.6;377382.2;248446.4;233987.6;330662.0;279614.8;212651.4;292192.8;344580.6;228200.2;228408.6;207688.4;300504.0;261636.9
BASSA TENSIONE POTEN | BT CLIENTI LIBERI F3 | 2022Aree di campeggio e aree attrez;164316.0;94844.0;98807.0;91798.0;112140.4;384980.6;595249.2;113581.2;211534.6;320282.2;134538.0;239712.0;481321.0;575096.6;211021.8;194506.6;188379.4;258394.2;248361.3
BASSA TENSIONE POTEN | BT CLIENTI LIBERI F3 | Commercio al dettaglio di orologi e;;;;24965.0;219368.0;438190.0;426144.0;0.0;27204.0;440005.0;261247.0;172179.0;416607.0;434019.0;175995.0;10631.0;75992.0;454487.0;238468.9
BASSA TENSIONE POTEN | BT CLIENTI LIBERI F3 | Attività di servizi di intermediazi;;;;194430.2;186314.8;222408.2;225750.8;211679.2;194688.8;254595.8;199061.0;166692.5;203692.2;217215.8;213980.5;283450.5;356348.5;409737.8;236003.1
BASSA TENSIONE POTEN | BT CLIENTI LIBERI F3 | Rivestimento di pavimenti e di pare;280368.3;269966.0;270336.0;250587.3;204875.7;227192.7;189398.7;244004.7;290404.0;252759.7;309113.0;177158.7;181250.0;174099.7;192572.3;195974.0;237097.7;268027.7;234177.0
BASSA TENSIONE POTEN | BT CLIENTI LIBERI F3 | 2022Corsi sportivi e ricreativi    ;;;7132.0;73436.0;53290.7;62600.0;59062.0;139119.7;443268.7;617202.7;441457.7;62289.3;61384.0;64642.3;58164.0;185202.0;401067.7;963696.0;230813.4
BASSA TENSIONE POTEN | BT CLIENTI LIBERI F3 | Tinteggiatura e posa in opera di ve;181558.5;160325.5;170170.5;194237.0;148941.0;217181.0;171904.0;295744.0;300993.5;243863.5;194592.5;212330.0;221125.5;255711.5;413043.0;239639.0;274611.5;223920.5;228882.9
BASSA TENSIONE POTEN | BT CLIENTI LIBERI F3 | Produzione di birra                ;153356.0;218448.0;157818.0;185467.0;177267.0;220095.0;219863.0;286734.0;236594.0;243765.0;180245.0;275948.0;277441.0;322896.0;327706.0;258918.0;163095.0;177812.0;226859.3
BASSA TENSIONE POTEN | BT CLIENTI LIBERI F3 | Altri trasporti terrestri di passeg;;;;;64392.0;127070.0;191464.0;11010.0;372119.0;498606.0;227169.0;67435.0;121776.0;159525.0;77739.0;14865.0;565538.0;614240.0;222353.4
BASSA TENSIONE POTEN | BT CLIENTI LIBERI F3 | 2022Commercio al dettaglio di ogget;;;;136935.0;140887.5;307407.0;356794.0;95125.0;111004.5;373244.0;280351.5;114156.5;300759.0;386087.0;225220.5;84838.0;84352.0;314099.5;220750.7
BASSA TENSIONE POTEN | BT CLIENTI LIBERI F3 | Attività di servizi di catering per;;;;239803.0;147034.0;194627.0;139927.0;242383.0;229867.0;113273.0;302608.0;272554.0;246824.0;140435.0;145065.0;312961.0;266831.0;221404.0;214373.1
BASSA TENSIONE POTEN | BT CLIENTI LIBERI F3 | Raccolta dei rifiuti               ;;;;;160631.5;200118.5;179055.5;212428.5;244746.0;287113.5;272799.5;175104.5;205624.5;198698.0;173788.0;212669.0;228442.5;243509.5;213909.2
BASSA TENSIONE POTEN | BT CLIENTI LIBERI F3 | Commercio al dettaglio di fiori, pi;311446.0;354261.0;200359.0;221325.0;149394.0;193722.0;133485.0;252593.0;173563.0;66843.0;213928.0;115172.0;110994.0;234526.0;242530.0;264661.0;263885.0;323716.0;212577.9
BASSA TENSIONE POTEN | BT CLIENTI LIBERI F3 | Produzione di beni indifferenziati ;577.0;202.0;6224.0;1279.0;12193.0;21586.0;7875.0;6978.0;329511.5;170017.5;443983.5;566537.0;542443.5;529120.5;375117.0;319531.5;166130.0;164822.5;203562.7
BASSA TENSIONE POTEN | BT CLIENTI LIBERI F3 | 2022Servizi degli istituti di belle;83240.0;84133.0;60619.0;81253.0;210554.0;315488.0;349412.0;102271.5;154249.0;259185.5;188205.5;204256.0;315180.5;385601.5;206380.5;161813.5;184563.0;270298.5;200928.0
BASSA TENSIONE POTEN | BT CLIENTI LIBERI F3 | Attività di ristoranti con servizio;63479.0;182946.0;176791.0;146630.0;210207.0;231688.0;283424.0;132685.0;175048.0;189933.0;238047.0;230902.0;248974.0;250743.0;200831.0;199589.0;210735.0;231244.0;200216.4
BASSA TENSIONE POTEN | BT CLIENTI LIBERI F3 | 2022Commercio al dettaglio di artic;233487.2;218175.2;198789.0;118914.9;202012.1;295291.2;298269.2;128348.0;136754.2;299591.8;259311.7;156659.2;180104.2;209903.4;147363.4;116702.2;123798.0;248459.3;198440.8
BASSA TENSIONE POTEN | BT CLIENTI LIBERI F3 | Coltivazioni agricole associate all;105520.0;130987.2;148293.3;185197.5;282577.5;395502.0;338037.7;203033.7;162814.2;104357.8;129547.8;237044.7;277901.0;209618.7;181668.3;139895.7;150067.7;148792.2;196158.7
BASSA TENSIONE POTEN | BT CLIENTI LIBERI F3 | Estrazione di pietre ornamentali, c;180699.0;202434.0;194742.0;218177.0;191165.0;205455.0;170424.0;213444.0;201885.0;208085.0;247855.0;179654.0;205890.0;171665.0;172300.0;198656.0;174851.0;152728.0;193894.9
BASSA TENSIONE POTEN | BT CLIENTI LIBERI F3 | Commercio al dettaglio di giochi e ;;;;33313.0;153227.0;292768.0;291333.0;11576.0;1172.0;815.0;0.0;229389.0;450948.0;544987.0;374251.0;23975.0;35981.0;455997.0;193315.5
BASSA TENSIONE POTEN | BT CLIENTI LIBERI F3 | Utilizzo di aree forestali         ;239494.5;234841.5;220167.5;212497.0;133891.5;261960.0;173536.5;97802.0;138928.0;220372.5;91463.0;86340.5;144743.0;203460.5;253430.5;207484.0;269585.0;259971.0;191664.9
BASSA TENSIONE POTEN | BT CLIENTI LIBERI F3 | Fabbricazione di articoli da viaggi;;;;;;258042.0;270745.0;63.0;;232940.0;260490.0;236278.0;244639.0;269739.0;166859.0;0.0;16138.0;309835.0;188814.0
BASSA TENSIONE POTEN | BT CLIENTI LIBERI F3 | 2022Noleggio di strutture ed attrez;205129.0;228181.0;182722.0;220765.0;164339.0;175567.0;197114.0;224893.0;184146.0;181337.0;204417.0;135501.0;162188.0;187908.0;112492.0;210530.0;176884.0;211692.0;186989.2
BASSA TENSIONE POTEN | BT CLIENTI LIBERI F3 | 2022Servizi forniti da commercialis;134842.0;136030.0;131292.0;143447.0;132120.0;141632.0;124451.0;126541.0;179344.0;275214.0;244879.0;242451.0;250208.0;229867.0;203484.0;205643.0;209771.0;211256.0;184581.8
BASSA TENSIONE POTEN | BT CLIENTI LIBERI F3 | 2022Servizi dei parrucchieri e di a;237841.0;286189.0;193494.0;172491.0;94146.0;100902.0;110441.0;203685.0;303733.0;339397.0;252196.0;85011.0;100375.0;93335.0;84640.0;89493.0;238841.0;306721.0;182940.6
BASSA TENSIONE POTEN | BT CLIENTI LIBERI F3 | Commercio al dettaglio di libri    ;;;;23391.0;144027.0;286609.0;336699.0;12297.0;36872.0;267689.0;182095.0;213473.0;346669.0;377219.0;209847.0;9519.0;37004.0;236125.0;181302.3
BASSA TENSIONE POTEN | BT CLIENTI LIBERI F3 | Taglio e lavorazione di pietre e di;;150209.0;147603.0;156034.0;133757.0;179176.0;155376.0;198997.0;257405.0;228478.0;211303.0;182961.0;177772.0;145630.0;163983.0;177901.0;201788.0;204164.0;180737.5
DOMESTICI | USI DOMESTICI RESIDE | Abitazioni private                 ;177330.5;185965.8;174417.2;169202.7;164275.0;180500.0;183601.3;173690.4;180585.2;203929.7;184128.7;169888.7;177523.3;185509.3;166983.3;175403.0;179357.5;204305.7;179811.0
DOMESTICI | USI DOMESTICI NON RE | Affitto e gestione di beni immobili;64171.5;123614.0;105689.5;145016.0;173350.5;162948.5;371106.0;116367.5;175418.5;199129.5;125487.5;141257.0;205500.5;351307.5;205235.0;152731.0;166732.0;204033.0;177171.9
BASSA TENSIONE POTEN | BT CLIENTI LIBERI F3 | Attività odontoiatriche            ;101837.0;206152.0;176340.0;199781.0;169812.0;192424.0;114010.0;201851.0;183720.0;194672.0;184736.0;184502.0;191807.0;130475.0;168435.0;190615.0;203892.0;164295.0;175519.8
BASSA TENSIONE POTEN | BT CLIENTI LIBERI F3 | Installazione di impianti elettrici;171163.0;197206.0;163669.0;168158.0;179575.0;161372.0;156210.0;177711.0;198274.0;179068.0;168615.0;148667.0;160764.0;149297.0;165250.0;154469.0;199784.0;195022.0;171904.1
BASSA TENSIONE POTEN | BT CLIENTI LIBERI F3 | Trasporto di linea di passeggeri su;;;171072.0;171577.0;168994.0;183504.0;185574.0;168687.0;152800.0;175185.0;174945.0;146370.0;162641.0;163542.0;148558.0;158085.0;150552.0;169517.0;165725.2
BASSA TENSIONE POTEN | BT CLIENTI LIBERI F3 | Fabbricazione di prodotti in legno,;159321.5;153670.0;131088.0;192733.0;105282.0;134669.5;161506.0;162644.5;211121.5;175295.5;288020.5;99942.5;164319.0;134842.0;169080.5;143611.0;145814.0;245897.5;165492.1
BASSA TENSIONE POTEN | BT CLIENTI LIBERI F3 | Sartoria e confezione su misura di ;187053.0;153727.0;163702.0;173184.0;153618.0;158930.0;168162.0;158284.0;153443.0;180551.0;135995.0;139121.0;136393.0;150954.0;160593.0;160110.0;183677.0;260775.0;165459.6
BASSA TENSIONE POTEN | BT CLIENTI LIBERI F3 | Trasmissione di energia elettrica  ;189946.0;188452.0;157199.0;145907.0;127359.0;130513.0;128114.0;170478.0;189350.0;227812.0;188848.0;123854.0;129298.0;130736.0;126751.0;168287.0;193054.0;222446.0;163244.7
BASSA TENSIONE POTEN | BT CLIENTI LIBERI F3 | Servizi veterinari                 ;0.0;0.0;113283.5;120251.5;114223.3;227884.7;233861.7;118459.0;166467.3;344087.0;319823.0;105587.3;194874.0;179101.3;126397.0;142968.0;156167.0;243589.3;161501.4
BASSA TENSIONE POTEN | BT CLIENTI LIBERI F3 | Servizi generali degli edifici per ;76211.7;163254.5;119622.2;118956.3;127644.4;134880.4;146060.2;123553.5;140811.5;267144.2;188103.9;120098.5;138429.6;157949.8;136778.6;145777.3;182325.4;256860.9;152470.2
BASSA TENSIONE POTEN | BT CLIENTI LIBERI F3 | Trasporto di merci su strada e serv;13746.7;13548.7;22451.5;22112.5;129342.0;132515.6;114076.9;168035.9;161868.5;301605.8;262753.4;126977.4;120345.6;114961.0;184718.0;185778.9;212261.0;277883.1;142499.0
BASSA TENSIONE POTEN | BT CLIENTI LIBERI F3 | Allevamento di altri bovini e bufal;56.0;694.0;16843.0;24359.0;79914.0;461848.0;790447.0;80328.0;35745.0;15124.0;4366.0;243514.0;175578.0;415891.0;57240.0;29186.0;17056.0;15194.0;136854.6
BASSA TENSIONE POTEN | BT CLIENTI LIBERI F3 | Formazione sportiva e ricreativa   ;;;66490.0;35710.0;56286.0;197682.0;383829.0;33929.0;31348.0;163247.0;145643.0;129561.0;236668.0;329500.0;124372.0;47744.0;41657.0;118369.0;133877.2
BASSA TENSIONE POTEN | BT CLIENTI LIBERI F3 | 2022Coltivazione di fiori in coltur;97890.0;108466.0;98357.0;159795.0;113402.0;131196.0;125381.0;185948.0;125909.0;155342.0;117605.0;125259.0;119615.0;155456.0;135780.0;126974.0;200906.0;114448.0;133207.2
BASSA TENSIONE POTEN | BT CLIENTI LIBERI F3 | Affitto e gestione di terreni per t;;;116402.0;90551.3;104484.0;177600.3;130224.3;122875.7;121945.3;138196.3;126321.0;132140.3;153462.7;183388.3;145309.3;106035.3;103029.3;130110.0;130129.7
BASSA TENSIONE POTEN | BT CLIENTI LIBERI F3 | Fabbricazione di serrature e cernie;133845.0;113849.0;103639.0;142924.0;97318.0;141912.0;80105.0;127801.0;115273.0;134008.0;150362.0;128986.0;159655.0;107968.0;156783.0;169606.0;142048.0;127673.0;129653.1
BASSA TENSIONE POTEN | BT CLIENTI LIBERI F3 | Produzione di energia elettrica da ;;;;;121040.0;208428.0;224405.0;66478.0;74774.0;46230.0;94030.0;246363.0;181453.0;196459.0;157097.0;111318.0;42487.0;40309.0;129347.9
BASSA TENSIONE POTEN | BT CLIENTI LIBERI F3 | Attività di altre organizzazioni as;220160.7;173161.3;124942.0;116301.7;47640.8;51765.8;139323.2;207270.8;172908.9;184184.5;66396.0;36473.5;53758.4;64812.4;40562.9;43778.1;122645.5;210262.5;115352.7
BASSA TENSIONE POTEN | BT CLIENTI LIBERI F3 | Commercio al dettaglio di apparecch;;;;0.0;149558.0;159556.0;204064.0;0.0;236.0;307671.0;246718.0;70604.0;141473.0;169868.0;53707.0;0.0;0.0;210268.0;114248.2
BASSA TENSIONE POTEN | BT CLIENTI LIBERI F3 | 2022Commercio all'ingrosso di compu;;0.0;;90992.0;119507.0;124396.0;124279.0;122171.0;118158.0;121984.0;121837.0;106021.0;123775.0;123987.0;118839.0;121937.0;117814.0;121833.0;111095.6
BASSA TENSIONE POTEN | BT CLIENTI LIBERI F3 | 2022Altri servizi di istruzione n.c;;121019.0;98048.0;70081.0;101089.0;118770.0;110871.0;105074.0;93732.0;100331.0;115724.0;103594.0;110156.0;110413.0;110460.0;117335.0;100231.0;100405.0;105137.2
BASSA TENSIONE POTEN | BT CLIENTI LIBERI F3 | Magazzinaggio e deposito non refrig;152361.9;75535.9;43829.9;184749.5;173305.3;231479.6;220783.9;138330.4;79832.6;135906.7;49125.6;51418.1;55785.2;56668.2;38178.9;38070.7;64740.5;90407.9;104472.8
BASSA TENSIONE POTEN | BT CLIENTI LIBERI F3 | 2022Attività degli studi di archite;187534.0;5899.0;5581.0;61017.0;51728.0;66364.5;63931.0;44286.0;48015.5;247034.0;206046.5;85874.0;87087.0;86399.5;106677.0;82483.0;1909.0;176096.5;89664.6
BASSA TENSIONE POTEN | BT CLIENTI LIBERI F3 | Altri lavori di costruzione special;76568.0;92615.0;78296.0;109434.0;71441.0;89070.0;73757.0;112348.0;127059.0;76349.0;92934.0;61476.0;78221.0;60184.0;76704.0;95963.0;97879.0;128446.0;88819.1
BASSA TENSIONE POTEN | BT CLIENTI LIBERI F3 | Attività fotografiche fornite da fo;;;;;55535.0;54716.0;59657.0;4134.0;33.0;288284.0;212910.0;63155.0;78636.0;66702.0;63894.0;70554.0;63901.0;118523.0;85759.6
BASSA TENSIONE POTEN | BT CLIENTI LIBERI F3 | 2022Amministrazione di condomini e ;;;53515.4;42595.6;72460.3;91690.6;125202.9;48143.0;57510.9;160109.5;106871.8;69496.8;92564.5;136508.1;64587.6;48476.6;59024.1;120722.4;84342.5
BASSA TENSIONE POTEN | BT CLIENTI LIBERI F3 | 2022Commercio al dettaglio di utens;;;;5682.0;12041.0;275393.0;252104.0;5767.0;5457.0;66803.0;30609.0;7811.0;215691.0;314999.0;21062.0;5479.0;5247.0;40437.0;84305.5
BASSA TENSIONE POTEN | BT CLIENTI LIBERI F3 | 2022Altre attività professionali n.;3137.0;73076.0;29860.5;16596.0;29913.5;155870.0;188536.0;23960.0;30077.5;175320.0;116808.0;54672.5;149747.0;202034.5;98450.0;69784.0;11179.0;40977.5;81666.6
BASSA TENSIONE POTEN | BT CLIENTI LIBERI F3 | Allevamento di animali             ;21858.1;27334.6;11872.9;15647.7;161585.9;175641.7;142851.6;71731.8;67905.8;57878.8;198205.7;263522.7;126157.9;36870.5;10867.3;19864.2;21139.1;28933.8;81103.9
BASSA TENSIONE POTEN | BT CLIENTI LIBERI F3 | Elaborazione e supervisione di prog;89255.0;89747.0;62373.0;74387.0;72370.0;81531.0;71653.0;78061.0;85860.0;96166.0;77353.0;58177.0;60563.0;65151.0;65394.0;63690.0;90903.0;93864.0;76472.1
BASSA TENSIONE POTEN | BT CLIENTI LIBERI F3 | Installazione di impianti idraulici;;77320.0;67321.0;71713.0;63067.0;73066.0;73583.0;75512.0;90803.0;85523.0;67977.0;74863.0;78142.0;68688.0;66297.0;71057.0;74737.0;78781.0;74026.5
BASSA TENSIONE POTEN | BT CLIENTI LIBERI F3 | 2022Altre attività di pulizia speci;194095.0;159471.0;67830.5;56867.0;25383.5;15348.5;13447.0;39666.5;89638.5;169810.5;94963.5;15086.0;17349.5;17495.0;22395.5;34069.0;121609.5;119716.5;70791.2
BASSA TENSIONE POTEN | BT CLIENTI LIBERI F3 | Commercio al dettaglio di prodotti ;74365.0;53514.0;21493.0;18580.0;46691.0;91601.5;109125.0;18398.0;19852.5;158186.5;73233.0;60587.5;118938.5;141989.0;92865.5;40975.0;30717.0;95694.0;70378.1
BASSA TENSIONE POTEN | BT CLIENTI LIBERI F3 | Altra stampa                       ;56396.0;43449.0;61507.0;51085.0;69503.0;67549.0;51419.0;62048.0;66129.0;61208.0;65115.0;88750.0;66949.0;64516.0;70662.0;73026.0;88218.0;75931.0;65747.8
BASSA TENSIONE POTEN | BT CLIENTI LIBERI F3 | Riparazione e manutenzione di mobil;106510.0;132954.0;98385.0;53505.0;49709.0;47722.0;40923.0;45370.0;51063.0;62674.0;75414.0;43578.0;49645.0;48381.0;48189.0;46733.0;69747.0;79913.0;63911.9
BASSA TENSIONE POTEN | BT CLIENTI LIBERI F3 | 2022Organizzazione di convegni e fi;97252.0;123516.0;93430.0;85757.0;72480.0;78741.0;86932.0;92578.0;92033.0;63099.0;73700.0;27129.0;11537.0;12628.0;18072.0;16838.0;48005.0;54946.0;63815.2
BASSA TENSIONE POTEN | BT CLIENTI LIBERI F3 | 2022Gestioni di funicolari, ski-lif;;;;;2509.0;1538.0;1544.0;2227.0;8629.0;334172.0;338431.0;1552.0;1588.0;1579.0;1550.0;2523.0;4291.0;164141.0;61876.7
BASSA TENSIONE POTEN | BT CLIENTI LIBERI F3 | Installazione di impianti di spegni;49635.0;49313.0;42466.0;49115.0;36365.0;27642.0;22032.0;51679.0;45919.0;53488.0;49150.0;36868.0;105192.0;114219.0;133353.0;55862.0;45012.0;123311.0;60590.1
BASSA TENSIONE POTEN | BT CLIENTI LIBERI F3 | Attività di agenzie di viaggio     ;47256.0;47705.0;28990.0;50678.0;42334.0;44927.0;33562.0;145350.0;63534.0;62217.0;70485.0;43525.0;48627.0;43300.0;32016.0;93360.0;78973.0;85311.0;59008.3
BASSA TENSIONE POTEN | BT CLIENTI LIBERI F3 | Trasporto di merci su strada       ;78243.0;55836.0;60187.0;61360.0;65967.0;42888.0;46390.0;53950.0;115254.0;54528.0;58089.0;53780.0;58751.0;52187.0;45749.0;68488.0;54464.0;34581.0;58927.3
BASSA TENSIONE POTEN | BT CLIENTI LIBERI F3 | 2022Servizi integrati di supporto p;;;;;;;177215.0;10813.0;20194.0;15314.0;15632.0;36974.0;17303.0;303345.0;38679.0;21483.0;18707.0;14699.0;57529.8
BASSA TENSIONE POTEN | BT CLIENTI LIBERI F3 | Attività generali di amministrazion;;;;;3953.0;3901.0;3907.0;7671.0;130782.0;251709.0;42161.0;3821.0;5080.0;3940.0;3820.0;13947.0;117650.0;170176.0;54465.6
DOMESTICI | USI DOMESTICI NON RE | Abitazioni private                 ;45134.2;46473.7;36292.7;27166.8;34964.8;64428.9;105360.4;30956.4;33737.9;68451.5;49235.1;41221.4;66956.6;105571.9;42853.7;35194.9;35729.2;76217.5;52552.6
BASSA TENSIONE POTEN | BT CLIENTI LIBERI F3 | Trasporto non di linea di passegger;105554.0;81603.0;45119.0;27302.0;18519.0;16485.0;19011.0;35027.0;88014.0;128354.0;72919.0;36018.0;22755.0;27822.0;25349.0;18580.0;66749.0;93219.0;51577.7
BASSA TENSIONE POTEN | BT CLIENTI LIBERI F3 | Preparazione del cantiere edile    ;52425.0;50897.0;54271.0;49723.0;48741.0;87725.0;31010.0;58791.5;57270.5;60146.5;49743.5;62378.5;47478.0;36263.0;38722.5;40796.5;40313.5;48747.0;50857.9
BASSA TENSIONE POTEN | BT CLIENTI LIBERI F3 | 2022Confezione di altro abbigliamen;57840.0;56558.0;52223.0;51719.0;44526.0;47668.0;48244.0;51627.0;54057.0;61901.0;54272.0;42310.0;46210.0;44094.0;43917.0;48324.0;50114.0;56231.0;50657.5
DOMESTICI | USI DOMESTICI NON RE | Affitto e gestione di terreni per t;;;;;27349.8;101158.5;107791.5;16067.5;11027.5;65984.0;32565.2;10257.5;86426.2;86769.5;35397.2;14582.5;17383.2;68805.0;48683.2
BASSA TENSIONE POTEN | BT CLIENTI LIBERI F3 | 2022Commercio al dettaglio di mobil;;;954.0;11175.5;12600.5;69447.5;55881.5;1274.5;1002.0;115679.0;49989.5;34720.0;40404.5;97247.0;61258.0;46010.5;54050.0;109652.0;47584.1
BASSA TENSIONE POTEN | BT CLIENTI LIBERI F3 | Edizione di software               ;;;;44067.0;42456.0;43786.0;43783.0;44196.0;38979.0;72345.0;40004.0;38125.0;39520.0;39480.0;38346.0;39853.0;38790.0;40158.0;42925.9
BASSA TENSIONE POTEN | BT CLIENTI LIBERI F3 | 2022ALTRE ATTIVITÀ DI SERVIZI PER L;30703.4;49979.8;52594.7;47564.7;52584.9;34839.7;30350.0;41061.0;55270.9;39709.5;24970.6;22598.0;38184.2;32106.6;28952.9;39724.8;34056.6;44756.5;38889.4
BASSA TENSIONE POTEN | BT CLIENTI LIBERI F3 | 2022Confezione di articoli in pelli;;;;10606.0;10216.0;73964.0;253446.0;12003.0;11267.0;13619.0;12016.0;11462.0;12121.0;11585.0;14041.0;11876.0;14681.0;57311.0;35347.6
BASSA TENSIONE POTEN | BT CLIENTI LIBERI F3 | 2022Commercio all'ingrosso di prodo;;;;;26568.0;29202.0;32324.0;32243.0;38581.0;47761.0;37264.0;22812.0;24105.0;27503.0;25320.0;26168.0;33121.0;33262.0;31159.6
BASSA TENSIONE POTEN | BT CLIENTI LIBERI F3 | 2022Coltivazione di cereali (esclus;;;;;53546.0;74639.0;27630.0;13663.0;2391.0;1339.0;15856.0;40484.0;51229.5;27045.5;58703.0;23911.5;6299.0;5893.0;28759.2
DOMESTICI | USI DOMESTICI NON RE | Lavori di muratura                 ;;;;;;;39429.0;2702.0;17648.0;17146.0;0.0;21304.0;32256.0;50092.0;23524.0;12755.0;11487.0;7189.0;19627.7
BT Utenze Ricarica P | BT Ric.Pubbl.Veicoli | Colonnine pubbliche di ricarica vei;5953.6;6329.9;6858.8;7788.6;11424.0;20834.4;28167.8;4855.2;6230.4;19867.5;13439.0;12107.5;22323.5;30919.1;11295.5;5336.5;7754.0;22597.5;13560.2
BASSA TENSIONE POTEN | BT CLIENTI LIBERI F3 | Coltivazione di colture agricole no;8766.0;10776.2;13722.0;12056.0;10901.8;11773.2;9197.0;11639.6;15749.4;15166.0;7040.6;11863.6;12294.0;14750.8;22102.2;10970.8;8652.6;11734.4;12175.3
DOMESTICI | USI DOMESTICI NON RE | Attività di servizi di intermediazi;;;;0.0;101.0;34.0;33570.0;76.0;712.0;76333.0;9234.0;5261.0;3748.0;2936.0;404.0;848.0;6805.0;21715.0;10785.1
BASSA TENSIONE POTEN | BT CLIENTI LIBERI F3 | Consulenza imprenditoriale e altre ;;;;10167.0;9123.0;9156.0;10162.0;9527.0;10914.0;10310.0;9724.0;8940.0;9198.0;9195.0;8938.0;9451.0;9581.0;9925.0;9620.7
BASSA TENSIONE POTEN | BT CLIENTI LIBERI F3 | Fabbricazione di apparecchi per uso;12759.0;3559.0;24203.0;3568.0;402.0;1717.0;9861.0;5351.0;11581.0;11126.0;23437.0;2107.0;6718.0;4470.0;4700.0;8352.0;4291.0;4647.0;7936.1
BASSA TENSIONE POTEN | BT CLIENTI LIBERI F3 | 2022Compravendita di beni immobili ;;;;;6451.0;7025.0;7156.0;6509.0;5983.0;9439.0;6640.0;5566.0;5822.0;5669.0;5331.0;5347.0;4350.0;4225.0;6108.1
BASSA TENSIONE POTEN | BT CLIENTI LIBERI F3 | Gestione di parcheggi e autorimesse;;;3625.0;3539.0;3396.0;3484.0;3498.0;3551.0;3629.0;3779.0;3759.0;3571.0;3648.0;3531.0;3498.0;3671.0;3629.0;3651.0;3591.2
BASSA TENSIONE POTEN | BT CLIENTI LIBERI F3 | Commercio all'ingrosso di altri pro;1.0;6026.0;0.0;0.0;0.0;1.0;0.0;21.0;0.0;0.0;0.0;0.0;0.0;0.0;0.0;5.0;0.0;6.0;336.7
