Tipologia;N_Osservazioni;Media_kWh;Mediana_kWh;StdDev_kWh;Min_kWh;Max_kWh;N_POD
DOMESTICI | USI DOMESTICI NON RE | Abitazioni private                 ;40495;53921.4;21647.0;106241.3;-5807.0;4931111.0;2541
DOMESTICI | USI DOMESTICI RESIDE | Abitazioni private                 ;25953;179968.3;157556.0;132546.2;-42049.0;1821207.0;1513
BASSA TENSIONE POTEN | BT CLIENTI LIBERI F3 | Servizi generali degli edifici per ;3680;157880.1;77748.0;282184.9;0.0;6171506.0;235
BASSA TENSIONE POTEN | BT CLIENTI LIBERI F3 | Servizi di alloggio di alberghi e s;857;967333.5;494661.0;1370124.6;2136.0;8013271.0;56
BASSA TENSIONE ILLUM | BT I.P. liberi F3    | Servizi per la rete stradale (esclu;594;1219862.6;625045.5;1454984.4;0.0;8397616.0;37
BASSA TENSIONE POTEN | BT CLIENTI LIBERI F3 | Attività degli organi legislativi e;324;405857.4;182530.5;541694.8;0.0;2923187.0;23
BASSA TENSIONE POTEN | BT CLIENTI LIBERI F3 | Magazzinaggio e deposito non refrig;349;102868.7;9129.0;362339.0;0.0;3433263.0;21
BASSA TENSIONE POTEN | BT CLIENTI LIBERI F3 | 2022Bar e altri esercizi simili sen;265;1921837.2;1544724.0;1854274.5;1893.0;9742423.0;17
BASSA TENSIONE POTEN | BT CLIENTI LIBERI F3 | 2022Ristorazione con somministrazio;230;1600228.5;863064.0;1712660.8;1921.0;8760083.0;16
BT Utenze Ricarica P | BT Ric.Pubbl.Veicoli | Colonnine pubbliche di ricarica vei;212;14188.7;5241.5;25882.1;1758.0;204545.0;13
BASSA TENSIONE POTEN | BT CLIENTI LIBERI F3 | Allevamento di animali             ;200;83069.2;6564.5;317753.9;0.0;2896798.0;12
BASSA TENSIONE POTEN | BT CLIENTI LIBERI F3 | 2022Costruzione di edifici residenz;179;314240.6;145993.0;542303.4;0.0;3020777.0;11
BASSA TENSIONE POTEN | BT CLIENTI LIBERI F3 | 2022Telecomunicazioni fisse        ;157;572061.2;319887.0;888378.1;8376.0;3907952.0;11
BASSA TENSIONE POTEN | BT CLIENTI LIBERI F3 | Commercio al dettaglio di altri pro;171;268654.4;163720.0;355013.8;0.0;3046205.0;11
BASSA TENSIONE POTEN | BT CLIENTI LIBERI F3 | Commercio al dettaglio di articoli ;171;601903.4;335752.0;646142.5;11357.0;2603121.0;11
BASSA TENSIONE POTEN | BT CLIENTI LIBERI F3 | Amministrazione dello Stato e delle;176;400095.2;158233.5;461617.8;0.0;1646916.0;10
BASSA TENSIONE POTEN | BT CLIENTI LIBERI F3 | Raccolta, trattamento e fornitura d;154;424819.6;242917.0;744180.3;6057.0;6690877.0;10
BASSA TENSIONE POTEN | BT CLIENTI LIBERI F3 | 2022Commercio al dettaglio di artic;144;197921.3;124948.5;191926.9;3.0;690550.0;9
BASSA TENSIONE POTEN | BT CLIENTI LIBERI F3 | Allevamento di bovini da latte     ;128;1235555.6;947876.0;1190326.8;0.0;5723155.0;8
BASSA TENSIONE POTEN | BT CLIENTI LIBERI F3 | Attività delle organizzazioni relig;117;395940.6;269631.0;473743.3;0.0;1652391.0;8
BASSA TENSIONE POTEN | BT CLIENTI LIBERI F3 | 2022Consulenza nel settore delle te;122;766180.7;807946.0;431107.1;0.0;1542677.0;8
BASSA TENSIONE POTEN | BT CLIENTI LIBERI F3 | 2022ALTRE ATTIVITÀ DI SERVIZI PER L;135;38669.8;9627.0;50747.1;0.0;198231.0;8
BASSA TENSIONE POTEN | BT CLIENTI LIBERI F3 | 2022Amministrazione di condomini e ;120;86354.9;39117.0;100074.0;0.0;424191.0;8
BASSA TENSIONE POTEN | BT CLIENTI LIBERI F3 | 2022Fabbricazione di porte e finest;140;370519.2;267016.0;347145.6;28358.0;1801903.0;8
BASSA TENSIONE POTEN | BT CLIENTI LIBERI F3 | Attività di altre organizzazioni as;140;114115.9;41222.0;201691.5;0.0;1156028.0;8
BASSA TENSIONE POTEN | BT CLIENTI LIBERI F3 | Trasporto di merci su strada e serv;124;160832.8;32548.5;283876.2;2.0;1574787.0;8
BASSA TENSIONE POTEN | BT CLIENTI LIBERI F3 | 2022Minimercati ed altri esercizi n;113;1325376.8;719816.0;1577970.3;42903.0;6652036.0;7
BASSA TENSIONE POTEN | BT CLIENTI LIBERI F3 | 2022Riparazioni meccaniche di autov;106;469071.9;285382.0;486323.3;82585.0;1762087.0;6
BASSA TENSIONE POTEN | BT CLIENTI LIBERI F3 | Installazione di impianti geotermic;99;409120.9;308718.0;254153.5;161650.0;1084506.0;6
BASSA TENSIONE POTEN | BT CLIENTI LIBERI F3 | Coltivazioni agricole associate all;107;197005.8;47661.0;370080.8;3.0;1966875.0;6
BASSA TENSIONE POTEN | BT CLIENTI LIBERI F3 | Attività di telecomunicazioni fisse;102;2745697.6;2875197.5;2381379.4;0.0;7143019.0;6
BASSA TENSIONE POTEN | BT CLIENTI LIBERI F3 | Attività sportive                  ;107;740033.1;436762.0;799429.8;6750.0;3116155.0;6
BASSA TENSIONE POTEN | BT CLIENTI LIBERI F3 | Attività di trasmissione radiofonic;88;381548.8;412166.5;102981.8;185014.0;526180.0;6
BASSA TENSIONE POTEN | BT CLIENTI LIBERI F3 | Istruzione secondaria e post-second;86;1505182.1;1447666.5;686062.2;323758.0;3034460.0;5
BASSA TENSIONE POTEN | BT CLIENTI LIBERI F3 | 2022Servizi dei saloni di barbiere ;87;262927.7;227887.0;169469.8;42457.0;798232.0;5
BASSA TENSIONE POTEN | BT CLIENTI LIBERI F3 | Coltivazione di colture agricole no;89;12213.7;3811.0;16158.9;0.0;78183.0;5
BASSA TENSIONE POTEN | BT CLIENTI LIBERI F3 | 2022Altre attività connesse alle te;70;586311.2;309997.5;579694.8;0.0;1618253.0;5
BASSA TENSIONE POTEN | BT CLIENTI LIBERI F3 | 2022Aree di campeggio e aree attrez;77;270635.1;142669.0;396561.4;0.0;2003309.0;5
BASSA TENSIONE POTEN | BT CLIENTI LIBERI F3 | Attività di servizi di intermediazi;60;236003.1;207594.0;153589.4;48.0;679835.0;4
DOMESTICI | USI DOMESTICI NON RE | Affitto e gestione di terreni per t;56;48683.2;31456.0;42245.6;792.0;142009.0;4
BASSA TENSIONE POTEN | BT CLIENTI LIBERI F3 | Raccolta di rifiuti non pericolosi ;68;277245.0;112763.5;406371.8;22323.0;2470685.0;4
BASSA TENSIONE POTEN | BT CLIENTI LIBERI F3 | 2022Altre attività di trasporti ter;65;267990.8;321918.0;191561.1;25218.0;622173.0;4
BASSA TENSIONE POTEN | BT CLIENTI LIBERI F3 | 2022Gestione di impianti sportivi p;45;642164.0;254149.0;866207.8;185.0;3854729.0;3
BASSA TENSIONE POTEN | BT CLIENTI LIBERI F3 | 2022Corsi sportivi e ricreativi    ;45;224468.5;26430.0;365025.9;0.0;1508584.0;3
BASSA TENSIONE POTEN | BT CLIENTI LIBERI F3 | Fabbricazione di strutture metallic;53;534946.3;531357.0;325430.4;92617.0;1173570.0;3
BASSA TENSIONE POTEN | BT CLIENTI LIBERI F3 | Servizi veterinari                 ;48;176823.8;111451.0;187411.3;0.0;704847.0;3
BASSA TENSIONE POTEN | BT CLIENTI LIBERI F3 | Produzione di derivati del latte   ;50;2500008.4;2153195.0;2327816.3;124487.0;8281861.0;3
BASSA TENSIONE POTEN | BT CLIENTI LIBERI F3 | Noleggio e leasing operativo di alt;42;585066.6;405958.5;556395.9;46955.0;2601202.0;3
BASSA TENSIONE POTEN | BT CLIENTI LIBERI F3 | Attività postali con obbligo di ser;51;418225.0;277376.0;316377.8;118659.0;1489237.0;3
BASSA TENSIONE POTEN | BT CLIENTI LIBERI F3 | Attività di somministrazione di bev;47;2416199.2;214737.0;3815449.4;19033.0;11998254.0;3
BASSA TENSIONE POTEN | BT CLIENTI LIBERI F3 | Attività di rivendita di telecomuni;46;5053227.3;5475576.5;1208007.6;3150457.0;6871024.0;3
BASSA TENSIONE POTEN | BT CLIENTI LIBERI F3 | Commercio al dettaglio di carburant;53;683982.6;503962.0;615922.8;63870.0;2492113.0;3
BASSA TENSIONE POTEN | BT CLIENTI LIBERI F3 | 2022Riparazione di carrozzerie di a;53;1101201.1;1065947.0;393462.0;320566.0;2165509.0;3
BASSA TENSIONE POTEN | BT CLIENTI LIBERI F3 | 2022Taglio e piallatura del legno  ;54;788291.1;500848.0;482588.4;310189.0;1731002.0;3
BASSA TENSIONE POTEN | BT CLIENTI LIBERI F3 | 2022Rifugi di montagna             ;40;260812.8;244685.0;206629.3;147.0;657979.0;3
BASSA TENSIONE POTEN | BT CLIENTI LIBERI F3 | Rivestimento di pavimenti e di pare;54;234177.0;255676.0;188081.9;0.0;619949.0;3
BASSA TENSIONE POTEN | BT CLIENTI LIBERI F3 | Affitto e gestione di terreni per t;48;130129.7;56185.0;127661.9;40.0;335881.0;3
BASSA TENSIONE POTEN | BT CLIENTI LIBERI F3 | Altre intermediazioni monetarie for;51;1128930.9;708861.0;859646.6;477646.0;3704149.0;3
BASSA TENSIONE POTEN | BT CLIENTI LIBERI F3 | Servizi di alloggio in aziende agri;29;1643308.9;921465.0;1638771.1;83623.0;6107289.0;2
BASSA TENSIONE POTEN | BT CLIENTI LIBERI F3 | Raccolta dei rifiuti               ;28;213909.2;166946.0;201734.4;17788.0;543748.0;2
BASSA TENSIONE POTEN | BT CLIENTI LIBERI F3 | Commercio al dettaglio non speciali;29;651666.5;156392.0;771416.2;368.0;2151955.0;2
BASSA TENSIONE POTEN | BT CLIENTI LIBERI F3 | Commercio al dettaglio di prodotti ;33;72249.7;54212.0;68115.6;16427.0;288617.0;2
BASSA TENSIONE POTEN | BT CLIENTI LIBERI F3 | Commercio al dettaglio di medicinal;33;1386050.0;1937733.0;1105823.5;34084.0;3187123.0;2
BASSA TENSIONE POTEN | BT CLIENTI LIBERI F3 | Commercio al dettaglio di calzature;29;433795.5;263148.0;416308.4;9932.0;1265778.0;2
BASSA TENSIONE POTEN | BT CLIENTI LIBERI F3 | 2022Commercio al dettaglio di mobil;31;49088.3;19783.0;52045.5;11.0;160839.0;2
BASSA TENSIONE POTEN | BT CLIENTI LIBERI F3 | 2022Commercio al dettaglio di ogget;29;223640.9;136935.0;201247.7;5258.0;645825.0;2
BASSA TENSIONE POTEN | BT CLIENTI LIBERI F3 | 2022Coltivazione di cereali (esclus;28;28759.2;23911.5;27005.0;0.0;99673.0;2
BASSA TENSIONE POTEN | BT CLIENTI LIBERI F3 | 2022Commercio al dettaglio di calza;32;317145.4;296392.5;161921.4;42891.0;647970.0;2
BASSA TENSIONE POTEN | BT CLIENTI LIBERI F3 | 2022Attività degli studi di archite;33;91785.2;74237.0;90989.7;0.0;333679.0;2
BASSA TENSIONE POTEN | BT CLIENTI LIBERI F3 | 2022Altri servizi di prenotazione e;29;888244.9;1050621.0;444357.3;107015.0;1581484.0;2
BASSA TENSIONE POTEN | BT CLIENTI LIBERI F3 | 2022Altre attività professionali n.;35;83910.3;28568.0;114107.9;3137.0;371787.0;2
BASSA TENSIONE POTEN | BT CLIENTI LIBERI F3 | 2022Altre attività di pulizia speci;34;64556.4;25180.5;86743.1;0.0;336718.0;2
BASSA TENSIONE POTEN | BT CLIENTI LIBERI F3 | 2022Ordine pubblico e sicurezza naz;32;450320.1;539215.0;234114.7;168296.0;1030988.0;2
BASSA TENSIONE POTEN | BT CLIENTI LIBERI F3 | 2022Fabbricazione di altri prodotti;36;524804.8;202315.5;456954.7;73228.0;1294822.0;2
BASSA TENSIONE POTEN | BT CLIENTI LIBERI F3 | Produzione di prodotti di pasticcer;33;423839.8;459388.0;222553.3;1860.0;769203.0;2
BASSA TENSIONE POTEN | BT CLIENTI LIBERI F3 | Produzione di pasti e piatti prepar;33;1169452.4;32206.0;1867215.9;227.0;5627598.0;2
BASSA TENSIONE POTEN | BT CLIENTI LIBERI F3 | Tinteggiatura e posa in opera di ve;36;228882.9;183820.5;106512.7;126875.0;645246.0;2
BASSA TENSIONE POTEN | BT CLIENTI LIBERI F3 | Utilizzo di aree forestali         ;36;191664.9;110799.0;136359.8;64149.0;459771.0;2
BASSA TENSIONE POTEN | BT CLIENTI LIBERI F3 | Fabbricazione di prodotti in legno,;36;165492.1;170064.5;80600.3;49217.0;314117.0;2
BASSA TENSIONE POTEN | BT CLIENTI LIBERI F3 | Altre attività di telecomunicazioni;28;2764087.1;2631029.0;581734.3;2069170.0;4015975.0;2
BASSA TENSIONE POTEN | BT CLIENTI LIBERI F3 | Attività di ingegneria             ;35;703962.5;681609.0;141347.4;483089.0;988594.0;2
BASSA TENSIONE POTEN | BT CLIENTI LIBERI F3 | Attività di organizzazioni associat;36;452734.3;488279.5;231158.5;38673.0;1047573.0;2
DOMESTICI | USI DOMESTICI NON RE | Affitto e gestione di beni immobili;36;177171.9;166912.0;81932.0;63828.0;371453.0;2
BASSA TENSIONE POTEN | BT CLIENTI LIBERI F3 | Produzione di beni indifferenziati ;30;242873.2;14397.5;377779.9;0.0;1122257.0;2
BASSA TENSIONE POTEN | BT CLIENTI LIBERI F3 | Preparazione del cantiere edile    ;30;49570.1;51777.5;18700.0;7755.0;87725.0;2
BASSA TENSIONE POTEN | BT CLIENTI LIBERI F3 | Installazione di impianti di illumi;36;437481.3;437623.0;125852.9;266886.0;772495.0;2
BASSA TENSIONE POTEN | BT CLIENTI LIBERI F3 | 2022Servizi degli istituti di belle;32;216380.1;87833.0;192912.7;59975.0;684310.0;2
BASSA TENSIONE POTEN | BT CLIENTI LIBERI F3 | 2022Supermercati                   ;30;1388533.0;961363.0;778740.6;598148.0;3098578.0;2
BASSA TENSIONE POTEN | BT CLIENTI LIBERI F3 | Altri servizi di supporto al traspo;36;293311.9;265062.0;240190.4;49909.0;644139.0;2
BASSA TENSIONE POTEN | BT CLIENTI LIBERI F3 | 2022Ristoranti e attività di ristor;32;1672433.5;1165236.0;1362908.8;162286.0;4892534.0;2
BASSA TENSIONE POTEN | BT CLIENTI LIBERI F3 | 2022Fabbricazione di utensileria ad;18;644371.2;663629.0;250913.3;217822.0;1068721.0;1
BASSA TENSIONE POTEN | BT CLIENTI LIBERI F3 | 2022Gelaterie e pasticcerie        ;13;1216249.4;1221375.0;977750.1;142.0;2607917.0;1
BASSA TENSIONE POTEN | BT CLIENTI LIBERI F3 | 2022Altre attività dei servizi conn;18;597350.4;174600.0;671399.9;611.0;1872818.0;1
BASSA TENSIONE POTEN | BT CLIENTI LIBERI F3 | 2022Altre attività di manutenzione ;18;760132.1;754528.5;72077.0;652733.0;916767.0;1
BASSA TENSIONE POTEN | BT CLIENTI LIBERI F3 | 2022Altri servizi di istruzione n.c;17;105137.2;105074.0;12017.7;70081.0;121019.0;1
BASSA TENSIONE POTEN | BT CLIENTI LIBERI F3 | 2022Altre attività professionali, s;14;1049553.4;984746.5;385532.1;498426.0;1585742.0;1
BASSA TENSIONE POTEN | BT CLIENTI LIBERI F3 | 2022Confezione di articoli in pelli;15;35347.6;12016.0;63263.8;10216.0;253446.0;1
BASSA TENSIONE POTEN | BT CLIENTI LIBERI F3 | 2022Confezione di altro abbigliamen;18;50657.5;50870.5;5472.4;42310.0;61901.0;1
BASSA TENSIONE POTEN | BT CLIENTI LIBERI F3 | 2022Compravendita di beni immobili ;14;6108.1;5902.5;1300.9;4225.0;9439.0;1
BASSA TENSIONE POTEN | BT CLIENTI LIBERI F3 | 2022Discount di alimentari         ;18;1264943.5;1170239.0;229590.0;1031424.0;1677411.0;1
BASSA TENSIONE POTEN | BT CLIENTI LIBERI F3 | 2022Coltivazione di fiori in coltur;18;133207.2;125645.0;28211.5;97890.0;200906.0;1
BASSA TENSIONE POTEN | BT CLIENTI LIBERI F3 | 2022Attività degli orti botanici, d;15;540063.3;743998.0;384224.2;31876.0;1039576.0;1
BASSA TENSIONE POTEN | BT CLIENTI LIBERI F3 | 2022Commercio al dettaglio di gener;15;975054.4;1117770.0;444903.0;360358.0;1462907.0;1
BASSA TENSIONE POTEN | BT CLIENTI LIBERI F3 | 2022Commercio al dettaglio di prodo;17;2113285.2;1806811.0;666999.0;1415049.0;3284901.0;1
BASSA TENSIONE POTEN | BT CLIENTI LIBERI F3 | 2022Commercio al dettaglio di sapon;18;759507.7;760850.0;44609.7;673709.0;854697.0;1
BASSA TENSIONE POTEN | BT CLIENTI LIBERI F3 | 2022Commercio al dettaglio di utens;15;84305.5;21062.0;115378.5;5247.0;314999.0;1
BASSA TENSIONE POTEN | BT CLIENTI LIBERI F3 | 2022Commercio all'ingrosso di compu;16;111095.6;121835.0;30838.2;0.0;124396.0;1
BASSA TENSIONE POTEN | BT CLIENTI LIBERI F3 | 2022Commercio all'ingrosso di prodo;14;31159.6;30722.5;6768.1;22812.0;47761.0;1
BASSA TENSIONE POTEN | BT CLIENTI LIBERI F3 | 2022Noleggio di strutture ed attrez;18;186989.2;186027.0;30481.1;112492.0;228181.0;1
BASSA TENSIONE POTEN | BT CLIENTI LIBERI F3 | 2022Gestioni di funicolari, ski-lif;14;61876.7;2368.0;123932.9;1538.0;338431.0;1
BASSA TENSIONE POTEN | BT CLIENTI LIBERI F3 | Commercio al dettaglio di orologi e;15;238468.9;219368.0;182627.3;0.0;454487.0;1
BASSA TENSIONE POTEN | BT CLIENTI LIBERI F3 | Commercio al dettaglio di giochi e ;15;193315.5;153227.0;195959.2;0.0;544987.0;1
BASSA TENSIONE POTEN | BT CLIENTI LIBERI F3 | Commercio al dettaglio di fiori, pi;18;212577.9;217626.5;78187.1;66843.0;354261.0;1
BASSA TENSIONE POTEN | BT CLIENTI LIBERI F3 | Commercio al dettaglio di apparecch;15;114248.2;141473.0;103565.4;0.0;307671.0;1
BASSA TENSIONE POTEN | BT CLIENTI LIBERI F3 | Commercio al dettaglio di bevande  ;18;264400.7;228867.5;72515.7;186106.0;408701.0;1
BASSA TENSIONE POTEN | BT CLIENTI LIBERI F3 | Commercio al dettaglio di carne e d;18;3432819.1;2889200.0;1164808.2;1726468.0;5338072.0;1
BASSA TENSIONE POTEN | BT CLIENTI LIBERI F3 | Attività di servizi di catering per;15;214373.1;229867.0;64016.7;113273.0;312961.0;1
BASSA TENSIONE POTEN | BT CLIENTI LIBERI F3 | Attività fotografiche fornite da fo;14;85759.6;63897.5;76931.1;33.0;288284.0;1
BASSA TENSIONE POTEN | BT CLIENTI LIBERI F3 | Commercio al dettaglio di giornali ;18;277275.7;274159.5;26966.2;217766.0;316363.0;1
BASSA TENSIONE POTEN | BT CLIENTI LIBERI F3 | Commercio al dettaglio di libri    ;15;181302.3;209847.0;130757.6;9519.0;377219.0;1
BASSA TENSIONE POTEN | BT CLIENTI LIBERI F3 | Attività generali di amministrazion;14;54465.6;6375.5;80325.9;3820.0;251709.0;1
BASSA TENSIONE POTEN | BT CLIENTI LIBERI F3 | Attività odontoiatriche            ;18;175519.8;184619.0;30539.2;101837.0;206152.0;1
BASSA TENSIONE POTEN | BT CLIENTI LIBERI F3 | Altri trasporti terrestri di passeg;14;222353.4;143297.5;206024.2;11010.0;614240.0;1
BASSA TENSIONE POTEN | BT CLIENTI LIBERI F3 | Attività di agenzie di viaggio     ;18;59008.3;48166.0;28254.0;28990.0;145350.0;1
BASSA TENSIONE POTEN | BT CLIENTI LIBERI F3 | Affitto e gestione di beni immobili;18;329155.9;312526.5;133728.7;165208.0;762307.0;1
BASSA TENSIONE POTEN | BT CLIENTI LIBERI F3 | Altre attività creditizie          ;14;291817.9;315058.5;47348.1;233191.0;353107.0;1
BASSA TENSIONE POTEN | BT CLIENTI LIBERI F3 | Allevamento di altri bovini e bufal;18;136854.6;32465.5;214745.9;56.0;790447.0;1
BASSA TENSIONE POTEN | BT CLIENTI LIBERI F3 | Altra stampa                       ;18;65747.8;65622.0;11613.8;43449.0;88750.0;1
BASSA TENSIONE POTEN | BT CLIENTI LIBERI F3 | 2022Organizzazione di convegni e fi;18;63815.2;73090.0;34232.5;11537.0;123516.0;1
BASSA TENSIONE POTEN | BT CLIENTI LIBERI F3 | 2022Servizi integrati di supporto p;12;57529.8;19450.5;89899.4;10813.0;303345.0;1
BASSA TENSIONE POTEN | BT CLIENTI LIBERI F3 | 2022Servizi forniti da commercialis;18;184581.8;191414.0;51263.6;124451.0;275214.0;1
BASSA TENSIONE POTEN | BT CLIENTI LIBERI F3 | 2022Servizi dei parrucchieri e di a;18;182940.6;182992.5;90534.4;84640.0;339397.0;1
BASSA TENSIONE POTEN | BT CLIENTI LIBERI F3 | Altri lavori di costruzione special;18;88819.1;83683.0;20215.9;60184.0;128446.0;1
BASSA TENSIONE POTEN | BT CLIENTI LIBERI F3 | Altri trasporti ferroviari di passe;14;319596.1;320180.0;160365.9;67204.0;549357.0;1
BASSA TENSIONE POTEN | BT CLIENTI LIBERI F3 | Attività di assistenza sociale non ;18;779522.3;786569.5;158823.6;551317.0;1099134.0;1
BASSA TENSIONE POTEN | BT CLIENTI LIBERI F3 | Attività di ristoranti con servizio;18;200216.4;205519.0;50936.1;63479.0;283424.0;1
BASSA TENSIONE POTEN | BT CLIENTI LIBERI F3 | Consulenza imprenditoriale e altre ;15;9620.7;9527.0;575.4;8938.0;10914.0;1
BASSA TENSIONE POTEN | BT CLIENTI LIBERI F3 | Estrazione di pietre ornamentali, c;18;193894.9;196699.0;22328.6;152728.0;247855.0;1
BASSA TENSIONE POTEN | BT CLIENTI LIBERI F3 | Commercio all'ingrosso di altri pro;18;336.7;0.0;1419.9;0.0;6026.0;1
BASSA TENSIONE POTEN | BT CLIENTI LIBERI F3 | Commercio all'ingrosso di autoveico;18;1473102.9;1413738.0;667288.1;749571.0;2705562.0;1
BASSA TENSIONE POTEN | BT CLIENTI LIBERI F3 | Produzione di birra                ;18;226859.3;219979.0;55575.4;153356.0;327706.0;1
BASSA TENSIONE POTEN | BT CLIENTI LIBERI F3 | Intonacatura                       ;18;579002.7;503464.0;283523.4;175042.0;1319826.0;1
BASSA TENSIONE POTEN | BT CLIENTI LIBERI F3 | Istruzione prescolastica           ;15;409662.4;395069.0;92011.2;168837.0;535216.0;1
BASSA TENSIONE POTEN | BT CLIENTI LIBERI F3 | Fornitura di vapore e aria condizio;14;1703956.4;1690777.5;347283.3;1216637.0;2276937.0;1
BASSA TENSIONE POTEN | BT CLIENTI LIBERI F3 | Installazione di apparecchiature pe;17;466811.5;423438.0;118316.2;299020.0;743167.0;1
BASSA TENSIONE POTEN | BT CLIENTI LIBERI F3 | Installazione di impianti di spegni;18;60590.1;49231.5;33662.7;22032.0;133353.0;1
BASSA TENSIONE POTEN | BT CLIENTI LIBERI F3 | Installazione di impianti elettrici;18;171904.1;168386.5;16742.0;148667.0;199784.0;1
BASSA TENSIONE POTEN | BT CLIENTI LIBERI F3 | Installazione di impianti idraulici;17;74026.5;73583.0;6949.0;63067.0;90803.0;1
BASSA TENSIONE POTEN | BT CLIENTI LIBERI F3 | Gestione di parcheggi e autorimesse;16;3591.2;3598.0;102.0;3396.0;3779.0;1
BASSA TENSIONE POTEN | BT CLIENTI LIBERI F3 | Elaborazione e supervisione di prog;18;76472.1;75870.0;12368.1;58177.0;96166.0;1
BASSA TENSIONE POTEN | BT CLIENTI LIBERI F3 | Fabbricazione di altri prodotti in ;18;372147.1;359550.0;96251.3;237547.0;562384.0;1
BASSA TENSIONE POTEN | BT CLIENTI LIBERI F3 | Fabbricazione di apparecchi per uso;18;7936.1;5025.5;6764.5;402.0;24203.0;1
BASSA TENSIONE POTEN | BT CLIENTI LIBERI F3 | Fabbricazione di materiali da costr;18;350224.6;347281.5;19539.8;319011.0;386833.0;1
BASSA TENSIONE POTEN | BT CLIENTI LIBERI F3 | Fabbricazione di articoli da viaggi;12;188814.0;240458.5;115495.2;0.0;309835.0;1
BASSA TENSIONE POTEN | BT CLIENTI LIBERI F3 | Fabbricazione di serrature e cernie;18;129653.1;131415.5;23376.3;80105.0;169606.0;1
BASSA TENSIONE POTEN | BT CLIENTI LIBERI F3 | Formazione sportiva e ricreativa   ;16;133877.2;121370.5;107503.6;31348.0;383829.0;1
BASSA TENSIONE POTEN | BT CLIENTI LIBERI F3 | Commercio all'ingrosso di motocicli;18;297717.0;291825.0;82503.7;204238.0;514690.0;1
BASSA TENSIONE POTEN | BT CLIENTI LIBERI F3 | Commercio all'ingrosso di bevande a;18;346834.9;251897.5;232331.6;118517.0;935022.0;1
BASSA TENSIONE POTEN | BT CLIENTI LIBERI F3 | Edizione di software               ;15;42925.9;40004.0;8434.3;38125.0;72345.0;1
BASSA TENSIONE POTEN | BT CLIENTI LIBERI F3 | Riproduzione delle piante          ;18;477367.7;372731.5;262161.4;142976.0;1085258.0;1
BASSA TENSIONE POTEN | BT CLIENTI LIBERI F3 | Produzione di pane e prodotti di pa;14;4853901.5;4955243.5;1912523.3;2185266.0;7973653.0;1
BASSA TENSIONE POTEN | BT CLIENTI LIBERI F3 | Riparazione e manutenzione di mobil;18;63911.9;50386.0;25671.9;40923.0;132954.0;1
BASSA TENSIONE POTEN | BT CLIENTI LIBERI F3 | Sartoria e confezione su misura di ;18;165459.6;159520.0;28040.8;135995.0;260775.0;1
BASSA TENSIONE POTEN | BT CLIENTI LIBERI F3 | Produzione di energia elettrica da ;14;129347.9;116179.0;72284.0;40309.0;246363.0;1
BASSA TENSIONE POTEN | BT CLIENTI LIBERI F3 | Trasporto non di linea di passegger;18;51577.7;35522.5;35281.0;16485.0;128354.0;1
BASSA TENSIONE POTEN | BT CLIENTI LIBERI F3 | Trasporto di merci su strada       ;18;58927.3;55182.0;17186.5;34581.0;115254.0;1
BASSA TENSIONE POTEN | BT CLIENTI LIBERI F3 | Trasporto di linea di passeggeri su;16;165725.2;168840.5;11889.8;146370.0;185574.0;1
BASSA TENSIONE POTEN | BT CLIENTI LIBERI F3 | Trasmissione di energia elettrica  ;18;163244.7;162743.0;34597.3;123854.0;227812.0;1
BASSA TENSIONE POTEN | BT CLIENTI LIBERI F3 | Taglio e lavorazione di pietre e di;17;180737.5;177901.0;33019.5;133757.0;257405.0;1
BASSA TENSIONE POTEN | BT CLIENTI LIBERI F3 | Telecomunicazioni                  ;12;282554.8;281853.5;7758.3;270741.0;293747.0;1
DOMESTICI | USI DOMESTICI NON RE | Attività di servizi di intermediazi;15;10785.1;2936.0;20465.6;0.0;76333.0;1
DOMESTICI | USI DOMESTICI NON RE | Lavori di muratura                 ;12;19627.7;17397.0;14916.9;0.0;50092.0;1
