seed,n_pods,D,K,silhouette_two_stage,silhouette_mean_curves,ARI_vs_mean_curves,largest_form_share,largest_group_share,groups_mostly_residential,groups_mostly_nonresidential,groups_mixed,seconds
1,1847,14,9,0.1085,0.0286,0.1443,0.4809,0.2398,0,4,5,102
2,1846,17,7,0.1517,0.0527,0.2352,0.4305,0.4713,1,4,2,99
3,1840,9,6,0.1748,0.0497,0.2038,0.516,0.606,0,4,2,102
4,1848,18,6,0.143,0.0869,0.205,0.4676,0.3685,0,3,3,101
5,1847,10,6,0.171,0.0599,0.2447,0.4954,0.4532,0,3,3,143
6,1845,18,6,0.1251,0.0257,0.2666,0.4355,0.5469,0,4,2,152
7,1846,23,6,0.1068,0.1277,0.1306,0.4503,0.4003,1,3,2,155
8,1844,14,6,0.1181,0.0772,0.1206,0.4649,0.2852,0,2,4,158
9,1835,8,6,0.1732,0.0845,0.1997,0.4946,0.4054,0,3,3,155
42,1837,12,6,0.1129,0.1321,0.1611,0.4734,0.4839,0,3,3,161
