group,cell,n_days_observed,mean_daily_kWh,calendar_days,unnormalised,weight
1,winter|weekday,12681,53.46629338786455,102,5453.561925562184,0.2855103208498258
1,winter|saturday,2708,53.847710973836975,21,1130.8019304505765,0.059200872088248035
1,winter|sunday,3418,51.34189447259335,28,1437.5730452326138,0.07526125988697085
1,mid|weekday,5984,50.01427566183589,64,3200.913642357497,0.16757742802157036
1,mid|saturday,1061,50.22648811196376,13,652.944345455529,0.03418359452274306
1,mid|sunday,946,50.453554757908144,15,756.8033213686222,0.03962092336228398
1,summer|weekday,16036,53.25671966395176,85,4526.8211714358995,0.23699266327726068
1,summer|saturday,3268,53.79853182279869,17,914.5750409875777,0.04788074600742488
1,summer|sunday,3717,51.35540774556111,20,1027.1081549112223,0.05377219198367236
2,winter|weekday,6198,34.26290394191664,102,3494.816202075497,0.3306113275503578
2,winter|saturday,1329,34.10120600157826,21,716.1253260331436,0.06774580723061893
2,winter|sunday,1657,35.01152309122359,28,980.3226465542605,0.09273900338807652
2,mid|weekday,3095,29.47743081074262,64,1886.5555718875278,0.17846908279435353
2,mid|saturday,552,29.093976196640618,13,378.22169055632804,0.03577995751218821
2,mid|sunday,515,28.279755079297765,15,424.19632618946645,0.040129180601885764
2,summer|weekday,7140,22.158234550017102,85,1883.4499367514536,0.17817528818661
2,summer|saturday,1454,21.868092832263134,17,371.75757814847327,0.0351684493065989
2,summer|sunday,1657,21.76622083753923,20,435.3244167507846,0.0411819034293103
3,winter|weekday,17305,38.31426942090971,102,3908.0554809327905,0.3308453464198076
3,winter|saturday,3689,39.732046590251535,21,834.3729783952822,0.07063574671018372
3,winter|sunday,4546,37.39560110278197,28,1047.0768308778952,0.08864267626959751
3,mid|weekday,9326,28.08586702048567,64,1797.4954893110828,0.1521710786222572
3,mid|saturday,1665,27.263819976771313,13,354.4296596980271,0.0300050508792316
3,mid|sunday,1585,24.19204788048302,15,362.8807182072453,0.03072049450426146
3,summer|weekday,22626,28.800414890933393,85,2448.0352657293383,0.20724400651159985
3,summer|saturday,4621,29.73556618277992,17,505.5046251072586,0.04279464650038887
3,summer|sunday,5201,27.72410930274923,20,554.4821860549846,0.046940953582672154
4,winter|weekday,1678,26.861504752712303,102,2739.873484776655,0.5231175786712743
4,winter|saturday,411,20.457613553552733,21,429.6098846246074,0.08202440144289723
4,winter|sunday,457,27.59680773219587,28,772.7106165014843,0.14753181450303152
4,mid|weekday,667,2.5751484009958077,64,164.8094976637317,0.03146668845802866
4,mid|saturday,137,2.717072916237542,13,35.321947911088046,0.0067439361590476785
4,mid|sunday,111,2.12671172333596,15,31.9006758500394,0.006090720758228782
4,summer|weekday,2682,8.60076287289384,85,731.0648441959764,0.13958048547583435
4,summer|saturday,604,8.74248507500176,17,148.6222462750299,0.02837609475038119
4,summer|sunday,636,9.183657159208783,20,183.67314318417567,0.03506827978127631
5,winter|weekday,8771,54.56201418055146,102,5565.325446416248,0.3869671578910883
5,winter|saturday,1873,21.013641670889243,21,441.2864750886741,0.030683447845948095
5,winter|sunday,2262,14.94475106749878,28,418.4530298899658,0.02909579704664115
5,mid|weekday,4650,52.318948068885554,64,3348.4126764086755,0.23282119784580269
5,mid|saturday,833,18.41916073416891,13,239.4490895441958,0.016649328872616647
5,mid|sunday,834,12.32140654742682,15,184.8210982114023,0.012850945696128276
5,summer|weekday,10050,43.558639564816445,85,3702.484363009398,0.2574404434897057
5,summer|saturday,2049,15.583135671186383,17,264.9133064101685,0.01841990199065291
5,summer|sunday,2311,10.838045977516247,20,216.76091955032493,0.015071779321416252
6,winter|weekday,25530,75.86349003529537,102,7738.075983600128,0.268052750332151
6,winter|saturday,5458,81.18368563659662,21,1704.857398368529,0.05905753775555265
6,winter|sunday,6688,74.52384395719089,28,2086.667630801345,0.07228373030334902
6,mid|weekday,13986,46.4234814253068,64,2971.102811219635,0.10292122767402435
6,mid|saturday,2495,48.40470579656808,13,629.261175355385,0.021798078629460167
6,mid|sunday,2352,43.4682966257029,15,652.0244493855434,0.02258661549873882
6,summer|weekday,34820,106.37705955597283,85,9042.050062257691,0.31322338950483225
6,summer|saturday,7166,113.3968922259501,17,1927.7471678411516,0.06677860638484243
6,summer|sunday,8054,105.79745727997418,20,2115.9491455994835,0.07329806391704932
7,winter|weekday,9614,7.449267623627945,102,759.8252976100504,0.3385958607210382
7,winter|saturday,2051,7.312524610675366,21,153.56301682418268,0.06843125915924446
7,winter|sunday,2441,5.884298039549891,28,164.76034510739694,0.07342104960154258
7,mid|weekday,4727,6.1693450310916695,64,394.83808198986685,0.17594905123231905
7,mid|saturday,844,6.150638609544167,13,79.95830192407416,0.03563128280531262
7,mid|sunday,820,4.872336603996412,15,73.08504905994617,0.03256840114448494
7,summer|weekday,10394,5.228116537007126,85,444.3899056456057,0.19803049868318118
7,summer|saturday,2093,5.407418033435613,17,91.92610656840543,0.040964415470458815
7,summer|sunday,2319,4.085084951047775,20,81.7016990209555,0.036408181182418314
8,winter|weekday,9602,5.538078413918922,102,564.8839982197301,0.18330508892807115
8,winter|saturday,2064,7.595276865742689,21,159.50081418059648,0.05175807956964145
8,winter|sunday,2577,7.112059734025547,28,199.13767255271532,0.06462025635572276
8,mid|weekday,5149,5.5402634375902124,64,354.5768600057736,0.11506033638770617
8,mid|saturday,922,6.1297646245915125,13,79.68694011968967,0.025858444726847646
8,mid|sunday,861,5.5471480852349915,15,83.20722127852487,0.027000777405602507
8,summer|weekday,13202,13.043629336647871,85,1108.708493615069,0.3597763605588352
8,summer|saturday,2707,14.959383284524469,17,254.30951583691598,0.08252354211245987
8,summer|sunday,3064,13.882434540318188,20,277.6486908063638,0.0900971139551133
