National profile,DD-SLP 1,DD-SLP 2,DD-SLP 3,DD-SLP 4,DD-SLP 5,DD-SLP 6,Nearest data-driven profile
"GSE other uses, time bands",0.226,0.052,0.091,0.043,0.154,0.058,DD-SLP 4
"GSE other uses, single rate",0.367,0.066,0.105,0.053,0.357,0.069,DD-SLP 4
"GSE domestic, time bands",0.210,0.088,0.091,0.069,0.176,0.079,DD-SLP 4
"ARERA >6 kW, non-resident",0.312,0.072,0.124,0.091,0.400,0.083,DD-SLP 2
"ARERA 0-1.5 kW, non-resident",0.322,0.072,0.104,0.088,0.398,0.091,DD-SLP 2
"ARERA 0-1.5 kW, all",0.306,0.076,0.113,0.098,0.413,0.089,DD-SLP 2
"ARERA >6 kW, all",0.282,0.079,0.149,0.127,0.421,0.102,DD-SLP 2
"GSE domestic, single rate",0.327,0.099,0.101,0.084,0.388,0.089,DD-SLP 4
"ARERA 1.5-3 kW, all",0.334,0.112,0.099,0.086,0.407,0.092,DD-SLP 4
"ARERA 1.5-3 kW, non-resident",0.331,0.112,0.095,0.087,0.409,0.099,DD-SLP 4
"ARERA 1.5-3 kW, resident",0.335,0.113,0.101,0.087,0.407,0.091,DD-SLP 4
"ARERA 3-4.5 kW, non-resident",0.335,0.122,0.095,0.088,0.407,0.103,DD-SLP 4
"ARERA >6 kW, resident",0.270,0.090,0.162,0.145,0.431,0.115,DD-SLP 2
"ARERA 4.5-6 kW, non-resident",0.315,0.097,0.102,0.091,0.415,0.095,DD-SLP 4
"ARERA 3-4.5 kW, all",0.335,0.124,0.105,0.094,0.416,0.099,DD-SLP 4
"ARERA 3-4.5 kW, resident",0.335,0.124,0.106,0.095,0.417,0.099,DD-SLP 4
"ARERA 4.5-6 kW, all",0.302,0.103,0.123,0.110,0.426,0.097,DD-SLP 6
"ARERA 4.5-6 kW, resident",0.301,0.105,0.128,0.114,0.428,0.099,DD-SLP 6
"ARERA 0-1.5 kW, resident",0.287,0.103,0.141,0.129,0.435,0.109,DD-SLP 2
