key,level,typology,size_stratum,stratified_on,power_kW_min,power_kW_max,annual_kWh_min,annual_kWh_max,n_pods,n_pod_days,n_states,zero_day_share,zero_day_share_median_pod,closure_class_shares,rho_within_bin,thin_months
L1_domestic_s0,1,domestic,0,annual_kWh,0.5,10.0,0.0,385.73589434839573,3336,1225165,14,0.4448,0.4721,"36%,6%,58%",0.802,
L1_domestic_s1,1,domestic,1,annual_kWh,0.5,15.0,386.0470022124685,1172.672899034288,3336,1150661,20,0.1271,0.0,"73%,7%,20%",0.658,
L1_domestic_s2,1,domestic,2,annual_kWh,0.5,65.0,1172.8561639981997,19943.929030474494,3337,1144628,21,0.0149,0.0,"95%,2%,3%",0.461,
L1_47_s0,1,47,0,annual_kWh,1.5,6.0,4.005027592507868,2030.8359066470637,57,18390,17,0.083,0.0,"74%,11%,16%",0.848,
L1_47_s1,1,47,1,annual_kWh,3.0,20.0,2033.9794554997013,6160.451745632179,57,17997,21,0.0097,0.0,"91%,9%,0%",0.746,2
L1_47_s2,1,47,2,annual_kWh,3.0,130.0,6329.69101310336,493609.13207116787,57,19486,21,0.0,0.0,"100%,0%,0%",0.616,
L1_84_s0,1,84,0,power_kW,1.5,2.0,0.0,812.372597707829,14,5047,15,0.2316,0.0,"64%,14%,21%",0.723,"2,4,5"
L1_84_s1,1,84,1,power_kW,3.0,7.0,0.0,10730.165282056925,59,18902,21,0.0939,0.0,"86%,2%,12%",0.654,
L1_84_s2,1,84,2,power_kW,10.0,100.0,0.0,61447.87039930555,41,12322,21,0.0331,0.0,"93%,5%,2%",0.611,"2,4"
L1_55_s0,1,55,0,power_kW,3.0,22.5,3.171390527921007,61765.941534624406,29,11347,21,0.0791,0.0,"79%,7%,14%",0.519,2
L1_55_s1,1,55,1,power_kW,25.0,53.0,2275.3524103775403,106958.0510865903,39,13571,21,0.0191,0.0,"92%,3%,5%",0.378,2
L1_55_s2,1,55,2,power_kW,55.0,180.4,429.0891914188582,397394.2277486911,35,12570,21,0.0074,0.0,"97%,0%,3%",0.374,2
L1_01_s0,1,01,0,power_kW,1.5,1.5,0.0,285.3443303354469,19,6708,13,0.4761,0.5132,"21%,5%,74%",0.822,"2,4,5"
L1_01_s1,1,01,1,power_kW,3.0,4.5,0.0,1621.3779370250597,39,13990,18,0.412,0.3279,"26%,8%,67%",0.577,
L1_01_s2,1,01,2,power_kW,6.0,39.0,119.71799336004695,82807.13114754097,41,13276,21,0.034,0.0,"85%,7%,7%",0.52,
L1_IL_s0,1,IL,0,power_kW,0.5,2.5,10.43637745394678,4364.33109493046,25,8647,18,0.0201,0.0,"92%,4%,4%",0.889,"2,4,5"
L1_IL_s1,1,IL,1,power_kW,3.0,9.0,0.0,21373.565526270602,31,11470,19,0.0252,0.0,"94%,3%,3%",0.791,
L1_IL_s2,1,IL,2,power_kW,10.0,54.0,10.440921171715384,96536.90786395958,39,12682,21,0.038,0.0,"95%,0%,5%",0.93,
L1_56_s0,1,56,0,power_kW,3.0,9.0,0.0,28071.368631712146,15,4562,21,0.1241,0.0,"80%,7%,13%",0.342,"2,4,5"
L1_56_s1,1,56,1,power_kW,10.0,16.6,389.92564030697474,33722.02588578345,37,13468,21,0.0128,0.0,"86%,14%,0%",0.413,
L1_56_s2,1,56,2,power_kW,20.0,180.0,1024.227615857908,185496.78239952316,38,11906,21,0.0,0.0,"100%,0%,0%",0.36,"2,4"
L1_61_s0,1,61,0,power_kW,0.5,4.5,0.0,14461.821502908302,30,10634,21,0.0779,0.0,"83%,10%,7%",0.779,"2,4,5"
L1_61_s1,1,61,1,power_kW,6.0,34.0,0.0,109080.29150161386,33,11226,21,0.1113,0.0,"82%,3%,15%",0.891,"2,4"
L1_52_s0,1,52,0,power_kW,1.0,1.5,0.0,235.3354284265539,15,6586,7,0.2944,0.0,"60%,0%,40%",0.912,2
L1_52_s1,1,52,1,power_kW,3.0,34.0,0.0,7563.019982135531,45,14406,19,0.1659,0.0,"56%,16%,29%",0.799,
L1_96,1,96,0,none,1.0,35.0,2.633214213035919,8795.007743000115,49,15946,17,0.1462,0.0,"73%,10%,16%",0.647,
L1_94,1,94,0,none,1.0,39.0,0.0,72311.51478079212,48,16339,20,0.0882,0.0,"81%,6%,12%",0.839,
L1_43,1,43,0,none,1.5,75.2,2.634504706946143,74927.28021978021,44,16957,21,0.051,0.0,"86%,7%,7%",0.644,
L1_49,1,49,0,none,1.5,87.0,0.0,58319.38609115305,42,14241,21,0.1467,0.0,"79%,2%,19%",0.691,
L1_41,1,41,0,none,3.0,46.8,0.0,70849.19592777015,34,10226,20,0.3138,0.2824,"38%,6%,56%",0.63,2
L1_16,1,16,0,none,3.0,114.0,5.922225412431654,59651.313673305856,34,13238,20,0.0767,0.0,"76%,6%,18%",0.712,
L1_68,1,68,0,none,1.5,120.0,96.08205933017855,71565.88038793104,32,11850,20,0.1372,0.0,"78%,6%,16%",0.692,2
L1_36,1,36,0,none,1.5,76.2,0.0,265373.08078640106,26,8810,19,0.048,0.0,"88%,4%,8%",0.865,"2,4,5"
L1_CO,1,CO,0,none,1.5,166.5,57.60972763201512,32129.167170994715,25,9056,6,0.0,0.0,"100%,0%,0%",0.827,
L1_85,1,85,0,none,3.0,45.2,0.09322510879019122,77988.5947265625,21,7671,21,0.0418,0.0,"86%,10%,5%",0.728,2
L1_93,1,93,0,none,3.0,100.0,414.33181091979316,146744.56572769955,19,6595,21,0.0173,0.0,"79%,16%,5%",0.748,"2,4"
L1_62,1,62,0,none,1.5,20.0,0.0,51945.799543353874,18,6383,21,0.0857,0.0,"83%,6%,11%",0.83,"2,4,5"
L1_74,1,74,0,none,1.5,34.0,0.0,10845.446891963762,18,5439,20,0.1541,0.0,"61%,22%,17%",0.818,"2,4,5"
L1_45,1,45,0,none,6.0,34.0,1445.2972584039392,30077.913053743134,15,6469,21,0.0006,0.0,"100%,0%,0%",0.564,
L1_10,1,10,0,none,1.5,153.0,822.1702418081078,449244.97481684986,15,5202,21,0.0373,0.0,"80%,13%,7%",0.499,"2,4,5"
L1_60,1,60,0,none,1.5,3.0,647.5832823593252,8244.881235387204,15,5142,21,0.0,0.0,"100%,0%,0%",0.791,"2,4,5"
L1_71,1,71,0,none,3.0,6.0,738.141397109054,7755.210999833777,14,4620,21,0.0108,0.0,"93%,7%,0%",0.664,"1,2,4,5"
L1_70,1,70,0,none,3.0,10.0,0.1116939925186621,3013.3506206874426,14,3834,17,0.0516,0.0,"86%,7%,7%",0.706,"2,4,5"
L1_98,1,98,0,none,1.5,10.0,25.011859586387324,6020.0326387999485,13,5556,18,0.2613,0.0055,"62%,8%,31%",0.766,2
L1_64,1,64,0,none,3.0,50.0,99.85045210330071,92651.52215442518,13,4257,21,0.0,0.0,"100%,0%,0%",0.837,"2,4,5"
L1_35,1,35,0,none,1.5,60.0,9.657846715328466,114157.55833675986,12,3407,21,0.0073,0.0,"83%,17%,0%",0.746,"2,4,5"
L1_86,1,86,0,none,3.0,15.0,134.17805184258356,14264.861080545774,10,2552,18,0.0212,0.0,"90%,0%,10%",0.808,"1,2,3,4,5"
L1_25,1,25,0,none,6.0,85.0,1043.108339981294,93393.97807921245,10,4099,21,0.0,0.0,"100%,0%,0%",0.664,"1,2,4,5"
